version 1
nodes
0 "0x00" -1
1 "0x01" 0
2 "0x19" 1
3 "node_unnamed_0003" 2
4 "0x02" 0
5 "0x14" 4
6 "0x16" 5
7 "0x18" 6
8 "node_unnamed_0008" 7
9 "0x17" 5
10 "node_unnamed_0010" 9
11 "0x15" 4
12 "node_unnamed_0012" 11
13 "0x03" 0
14 "0x0F" 13
15 "0x11" 14
16 "0x13" 15
17 "node_unnamed_0017" 16
18 "0x12" 14
19 "node_unnamed_0019" 18
20 "0x10" 13
21 "node_unnamed_0021" 20
22 "0x04" 0
23 "0x0A" 22
24 "0x0C" 23
25 "0x0E" 24
26 "node_unnamed_0026" 25
27 "0x0D" 23
28 "node_unnamed_0028" 27
29 "0x0B" 22
30 "node_unnamed_0030" 29
31 "0x05" 0
32 "0x07" 31
33 "0x09" 32
34 "node_unnamed_0034" 33
35 "0x08" 31
36 "node_unnamed_0036" 35
37 "0x06" 0
38 "node_unnamed_0038" 37
end
skeleton
time 0
0 0.000000 0.036000 6.786000 2.024582 -0.000000 0.000000
1 0.000000 3.879027 0.644967 -0.523599 -0.000000 0.000000
2 -0.000000 0.000001 -0.000000 0.000000 -0.000000 0.000000
3 -0.000000 0.000000 -0.000000 0.000000 -0.000000 0.000000
4 -0.856197 -0.093876 0.038261 -1.715680 -0.742447 0.575575
5 -0.037272 -2.904984 0.048192 1.431170 0.314159 -0.000000
6 -0.104881 -3.796200 -0.049341 -0.431855 0.254762 0.107750
7 0.000000 -0.000000 -0.000000 -0.000000 -0.000000 -0.000000
8 0.000000 -0.000000 -0.000000 0.000000 0.000000 0.000000
9 -0.000000 0.000000 0.000000 0.000000 -0.000000 -0.000000
10 -0.000000 0.000000 0.000000 0.000000 0.000000 0.000000
11 -0.000000 -0.000000 -0.000001 -0.000000 0.000000 -0.000000
12 -0.000000 -0.000000 -0.000000 -0.000000 -0.000000 0.000000
13 0.856197 -0.093876 0.038261 -1.727009 0.736972 -0.583210
14 0.037272 -2.922984 0.048193 1.431170 -0.314159 0.000000
15 0.052381 -3.796200 -0.070534 -0.431855 -0.254762 -0.107750
16 -0.000000 0.000000 -0.000000 -0.000000 -0.000000 -0.000000
17 -0.000000 0.000000 -0.000000 0.000000 0.000000 -0.000000
18 -0.000000 0.000000 -0.000000 -0.000000 0.000000 0.000000
19 -0.000000 0.000000 -0.000000 -0.000000 0.000000 0.000000
20 -0.000000 -0.000000 0.000001 0.000000 0.000000 -0.000000
21 0.000000 0.000000 0.000000 -0.000000 0.000000 -0.000000
22 -2.030877 3.113747 0.139309 0.296706 -0.052360 -1.099557
23 -0.050335 -1.680930 -0.049922 -1.640609 0.122173 -0.087266
24 0.090836 -2.900245 0.101757 -0.000000 0.000000 -0.000000
25 -0.000001 0.000000 -0.000000 0.000000 0.000000 -0.000000
26 0.000000 0.000000 -0.000000 0.000000 0.000000 -0.000000
27 0.000000 0.000001 -0.000000 -0.000000 0.000000 -0.000000
28 0.000000 0.000000 -0.000000 0.000000 0.000000 -0.000000
29 0.000000 0.000000 -0.000000 -0.000000 -0.000000 -0.000000
30 0.000000 0.000000 -0.000000 -0.000000 0.000000 -0.000000
31 2.030877 3.113747 0.139309 0.296706 0.052360 1.099557
32 0.050335 -1.680930 -0.049922 -1.640609 -0.122173 0.087266
33 -0.000000 0.000001 -0.000000 -0.000000 -0.000000 0.000000
34 -0.000000 0.000000 -0.000000 0.000000 -0.000000 0.000000
35 -0.000000 0.000000 -0.000000 -0.000000 0.000000 0.000000
36 -0.000000 0.000000 -0.000000 -0.000000 -0.000000 0.000000
37 0.000000 -0.000000 0.000000 0.000000 -0.000000 0.000000
38 0.000000 -0.000000 -0.000000 0.000000 -0.000000 0.000000
end
triangles
img1.png
3 -0.006830 -1.663445 12.574593 -0.000507 0.477651 0.878549 0.991211 0.802246
3 -0.515680 -4.862051 12.069069 -0.572735 0.153756 -0.805192 0.991699 0.801270
3 -0.549831 -4.952010 12.349235 -0.971928 -0.131331 0.195213 0.992676 0.802246
img1.png
3 -0.006830 -1.663445 12.574593 -0.000507 0.477651 0.878549 0.991211 0.801758
3 0.549831 -4.952010 12.349235 0.972102 -0.129368 0.195659 0.991699 0.801270
3 0.515680 -4.862051 12.069069 0.684110 0.094986 -0.723168 0.992676 0.802246
img1.png
3 0.000000 -2.649800 15.310423 0.000000 0.660223 0.751070 0.950000 0.059375
3 1.997832 -2.164578 13.486036 0.826335 0.410928 0.385110 0.975000 0.031250
3 0.000000 -1.970037 14.211895 0.061598 0.603735 0.794802 0.965625 0.037500
img1.png
3 -1.540209 -1.075218 13.300311 -0.710154 0.703741 0.020744 0.956250 0.046875
3 0.000000 -0.572229 13.100813 -0.050750 0.995032 0.085650 0.965625 0.037500
3 -1.051850 -0.775612 13.080800 -0.415894 0.757964 -0.502516 0.965625 0.031250
img1.png
3 0.000000 -0.820045 13.669316 -0.025127 0.681547 0.731343 0.978125 0.040625
3 0.000000 -0.572229 13.100813 -0.050750 0.995032 0.085650 0.965625 0.037500
3 -1.540209 -1.075218 13.300311 -0.710154 0.703741 0.020744 0.956250 0.046875
img1.png
3 -1.540209 -3.942387 11.953409 -0.871530 -0.486108 -0.064304 0.932726 0.365885
3 -2.059304 -2.494272 13.324224 -0.915268 -0.396341 0.072100 0.944444 0.368056
3 -1.478737 -3.933691 11.832980 -0.884478 -0.089431 -0.457930 0.899902 0.358887
img1.png
3 0.717171 -4.614284 11.695707 0.479506 -0.875017 0.066472 0.993056 0.307292
3 0.273208 -4.746553 11.958290 0.391711 -0.895523 0.211190 0.989583 0.376736
3 0.242472 -4.806088 11.743354 0.384200 -0.902418 0.195018 0.993056 0.342014
img1.png
3 0.000000 -1.970037 14.211895 0.061598 0.603735 0.794802 0.965625 0.037500
3 0.000000 -0.820045 13.669316 -0.025127 0.681547 0.731343 0.978125 0.040625
3 -1.997832 -2.164578 13.486036 -0.837758 0.353779 0.415935 0.965625 0.043750
img1.png
3 -1.997832 -2.164578 13.486036 -0.837758 0.353779 0.415935 0.965625 0.043750
3 0.000000 -2.649800 15.310423 0.000000 0.660223 0.751070 0.950000 0.059375
3 0.000000 -1.970037 14.211895 0.061598 0.603735 0.794802 0.965625 0.037500
img1.png
3 -1.997832 -2.164578 13.486036 -0.837758 0.353779 0.415935 0.965625 0.043750
3 0.000000 -0.820045 13.669316 -0.025127 0.681547 0.731343 0.978125 0.040625
3 -1.540209 -1.075218 13.300311 -0.710154 0.703741 0.020744 0.956250 0.046875
img1.png
3 0.000000 -4.670401 15.544150 0.000000 -0.908549 0.417778 0.600852 0.312500
3 1.471907 -3.705203 13.289082 0.788502 -0.615025 -0.003123 0.879261 -0.073860
3 1.400190 -3.739134 15.153804 0.842304 -0.174708 0.509903 0.842330 0.242898
img1.png
3 0.000000 -4.635113 13.747802 -0.000000 -0.998479 0.055139 0.602273 -0.022730
3 1.471907 -3.705203 13.289082 0.788502 -0.615025 -0.003123 0.879261 -0.073860
3 0.000000 -4.670401 15.544150 0.000000 -0.908549 0.417778 0.600852 0.312500
img1.png
3 0.000000 -4.635113 13.747802 -0.000000 -0.998479 0.055139 0.602273 -0.022730
3 0.000000 -4.670401 15.544150 0.000000 -0.908549 0.417778 0.600852 0.312500
3 -1.471907 -3.705203 13.289082 -0.802287 -0.591579 -0.079808 0.335227 -0.072440
img1.png
3 -1.471907 -3.705203 13.289082 -0.802287 -0.591579 -0.079808 0.335227 -0.072440
3 0.000000 -4.670401 15.544150 0.000000 -0.908549 0.417778 0.600852 0.312500
3 -1.400190 -3.739134 15.153804 -0.750872 -0.118437 0.649741 0.373580 0.241477
img1.png
3 -1.622171 -2.516761 12.904715 -0.941072 0.025657 -0.337230 0.950000 0.037500
3 -1.997832 -2.164578 13.486036 -0.837758 0.353779 0.415935 0.965625 0.043750
3 -1.540209 -1.075218 13.300311 -0.710154 0.703741 0.020744 0.956250 0.046875
img1.png
3 -1.471907 -3.705203 13.289082 -0.802287 -0.591579 -0.079808 0.962500 0.034375
3 -1.997832 -2.164578 13.486036 -0.837758 0.353779 0.415935 0.965625 0.043750
3 -1.622171 -2.516761 12.904715 -0.941072 0.025657 -0.337230 0.950000 0.037500
img1.png
3 -1.400190 -3.739134 15.153804 -0.750872 -0.118437 0.649741 0.959375 0.059375
3 0.000000 -2.649800 15.310423 0.000000 0.660223 0.751070 0.950000 0.059375
3 -1.997832 -2.164578 13.486036 -0.837758 0.353779 0.415935 0.965625 0.043750
img1.png
3 -1.400190 -3.739134 15.153804 -0.750872 -0.118437 0.649741 0.959375 0.059375
3 -1.997832 -2.164578 13.486036 -0.837758 0.353779 0.415935 0.965625 0.043750
3 -1.471907 -3.705203 13.289082 -0.802287 -0.591579 -0.079808 0.962500 0.034375
img1.png
3 0.000000 -0.820045 13.669316 -0.025127 0.681547 0.731343 0.978125 0.040625
3 0.000000 -1.970037 14.211895 0.061598 0.603735 0.794802 0.965625 0.037500
3 1.540209 -1.075218 13.300311 0.780201 0.617244 0.101468 0.962500 0.037500
img1.png
3 1.997832 -2.164578 13.486036 0.826335 0.410928 0.385110 0.975000 0.031250
3 1.622172 -2.516761 12.904715 0.963143 0.040812 -0.265876 0.965625 0.053125
3 1.540209 -1.075218 13.300311 0.780201 0.617244 0.101468 0.962500 0.037500
img1.png
3 1.540209 -1.075218 13.300311 0.780201 0.617244 0.101468 0.962500 0.037500
3 0.000000 -1.970037 14.211895 0.061598 0.603735 0.794802 0.965625 0.037500
3 1.997832 -2.164578 13.486036 0.826335 0.410928 0.385110 0.975000 0.031250
img1.png
3 0.000000 -0.572229 13.100813 -0.050750 0.995032 0.085650 0.965625 0.037500
3 0.000000 -1.078384 12.324852 0.112572 0.707655 -0.697533 0.959375 0.031250
3 -1.051850 -0.775612 13.080800 -0.415894 0.757964 -0.502516 0.965625 0.031250
img1.png
3 0.000000 -1.467208 12.002851 -0.016130 0.830951 -0.556112 0.956250 0.040625
3 -1.051850 -0.775612 13.080800 -0.415894 0.757964 -0.502516 0.965625 0.031250
3 0.000000 -1.078384 12.324852 0.112572 0.707655 -0.697533 0.959375 0.031250
img1.png
3 -1.103077 -1.801241 12.464408 -0.643767 0.622520 -0.445008 0.959375 0.031250
3 -1.051850 -0.775612 13.080800 -0.415894 0.757964 -0.502516 0.965625 0.031250
3 0.000000 -1.467208 12.002851 -0.016130 0.830951 -0.556112 0.956250 0.040625
img1.png
3 -1.540209 -1.075218 13.300311 -0.710154 0.703741 0.020744 0.956250 0.046875
3 -1.103077 -1.801241 12.464408 -0.643767 0.622520 -0.445008 0.959375 0.031250
3 -1.622171 -2.516761 12.904715 -0.941072 0.025657 -0.337230 0.950000 0.037500
img1.png
3 -1.103077 -1.801241 12.464408 -0.643767 0.622520 -0.445008 0.959375 0.031250
3 -1.540209 -1.075218 13.300311 -0.710154 0.703741 0.020744 0.956250 0.046875
3 -1.051850 -0.775612 13.080800 -0.415894 0.757964 -0.502516 0.965625 0.031250
img1.png
3 1.103077 -1.801241 12.464408 0.615320 0.552425 -0.562323 0.968750 0.040625
3 1.540209 -1.075218 13.300311 0.780201 0.617244 0.101468 0.962500 0.037500
3 1.622172 -2.516761 12.904715 0.963143 0.040812 -0.265876 0.965625 0.053125
img1.png
3 0.000000 -1.078384 12.324852 0.112572 0.707655 -0.697533 0.959375 0.031250
3 1.103077 -1.801241 12.464408 0.615320 0.552425 -0.562323 0.968750 0.040625
3 0.000000 -1.467208 12.002851 -0.016130 0.830951 -0.556112 0.956250 0.040625
img1.png
3 0.000000 -1.078384 12.324852 0.112572 0.707655 -0.697533 0.959375 0.031250
3 0.000000 -0.572229 13.100813 -0.050750 0.995032 0.085650 0.965625 0.037500
3 1.051850 -0.775612 13.080800 0.400415 0.874977 -0.272182 0.959375 0.043750
img1.png
3 1.051850 -0.775612 13.080800 0.400415 0.874977 -0.272182 0.959375 0.043750
3 1.103077 -1.801241 12.464408 0.615320 0.552425 -0.562323 0.968750 0.040625
3 0.000000 -1.078384 12.324852 0.112572 0.707655 -0.697533 0.959375 0.031250
img1.png
3 1.051850 -0.775612 13.080800 0.400415 0.874977 -0.272182 0.959375 0.043750
3 0.000000 -0.820045 13.669316 -0.025127 0.681547 0.731343 0.978125 0.040625
3 1.540209 -1.075218 13.300311 0.780201 0.617244 0.101468 0.962500 0.037500
img1.png
3 1.540209 -1.075218 13.300311 0.780201 0.617244 0.101468 0.962500 0.037500
3 1.103077 -1.801241 12.464408 0.615320 0.552425 -0.562323 0.968750 0.040625
3 1.051850 -0.775612 13.080800 0.400415 0.874977 -0.272182 0.959375 0.043750
img1.png
3 0.000000 -0.572229 13.100813 -0.050750 0.995032 0.085650 0.965625 0.037500
3 0.000000 -0.820045 13.669316 -0.025127 0.681547 0.731343 0.978125 0.040625
3 1.051850 -0.775612 13.080800 0.400415 0.874977 -0.272182 0.959375 0.043750
img1.png
3 0.000000 -4.945817 12.927362 -0.145733 -0.325695 0.934176 0.992676 0.802246
3 -0.006830 -1.663445 12.574593 -0.000507 0.477651 0.878549 0.991699 0.801270
3 -0.310774 -4.976669 12.730961 -0.763229 -0.249499 0.596014 0.992676 0.802246
img1.png
3 0.549831 -4.952010 12.349235 0.972102 -0.129368 0.195659 0.992676 0.802246
3 -0.006830 -1.663445 12.574593 -0.000507 0.477651 0.878549 0.991699 0.801270
3 0.310774 -4.976669 12.730961 0.738176 -0.286408 0.610792 0.992676 0.802246
img1.png
3 0.000000 -2.649800 15.310423 0.000000 0.660223 0.751070 0.950000 0.059375
3 -1.400190 -3.739134 15.153804 -0.750872 -0.118437 0.649741 0.959375 0.059375
3 0.000000 -3.645462 15.807978 0.000000 0.104719 0.994502 0.953125 0.046875
img1.png
3 0.000000 -2.964055 14.586089 0.000438 -0.249427 0.968393 0.946875 0.053125
3 1.564115 -5.062411 13.120381 0.729464 -0.494736 -0.472354 0.959375 0.050000
3 1.844153 -2.831424 13.104736 0.856776 -0.111076 -0.503584 0.965625 0.053125
img1.png
3 0.000000 -2.964055 14.586089 0.000438 -0.249427 0.968393 0.946875 0.053125
3 0.000000 -6.017549 13.365190 -0.000825 -0.921286 -0.388884 0.971875 0.053125
3 1.564115 -5.062411 13.120381 0.729464 -0.494736 -0.472354 0.959375 0.050000
img1.png
3 0.000000 -2.964055 14.586089 0.000438 -0.249427 0.968393 0.946875 0.053125
3 -1.557285 -5.062411 13.120381 -0.729024 -0.497405 -0.470226 0.953125 0.059375
3 0.000000 -6.017549 13.365190 -0.000825 -0.921286 -0.388884 0.971875 0.053125
img1.png
3 0.000000 -2.964055 14.586089 0.000438 -0.249427 0.968393 0.946875 0.053125
3 -1.857813 -2.831424 13.104736 -0.857296 -0.118996 -0.500882 0.962500 0.050000
3 -1.557285 -5.062411 13.120381 -0.729024 -0.497405 -0.470226 0.953125 0.059375
img1.png
3 0.000000 -4.670401 15.544150 0.000000 -0.908549 0.417778 0.953125 0.046875
3 0.000000 -3.645462 15.807978 0.000000 0.104719 0.994502 0.953125 0.046875
3 -1.400190 -3.739134 15.153804 -0.750872 -0.118437 0.649741 0.959375 0.059375
img1.png
3 1.400190 -3.739134 15.153804 0.842304 -0.174708 0.509903 0.971875 0.034375
3 1.622172 -2.516761 12.904715 0.963143 0.040812 -0.265876 0.965625 0.053125
3 1.997832 -2.164578 13.486036 0.826335 0.410928 0.385110 0.975000 0.031250
img1.png
3 1.400190 -3.739134 15.153804 0.842304 -0.174708 0.509903 0.971875 0.034375
3 0.000000 -3.645462 15.807978 0.000000 0.104719 0.994502 0.953125 0.046875
3 0.000000 -4.670401 15.544150 0.000000 -0.908549 0.417778 0.953125 0.046875
img1.png
3 1.400190 -3.739134 15.153804 0.842304 -0.174708 0.509903 0.971875 0.034375
3 0.000000 -2.649800 15.310423 0.000000 0.660223 0.751070 0.950000 0.059375
3 0.000000 -3.645462 15.807978 0.000000 0.104719 0.994502 0.953125 0.046875
img1.png
3 1.471907 -3.705203 13.289082 0.788502 -0.615025 -0.003123 0.962500 0.037500
3 1.622172 -2.516761 12.904715 0.963143 0.040812 -0.265876 0.965625 0.053125
3 1.400190 -3.739134 15.153804 0.842304 -0.174708 0.509903 0.971875 0.034375
img1.png
3 0.000000 -2.649800 15.310423 0.000000 0.660223 0.751070 0.962500 0.045313
3 1.400190 -3.739134 15.153804 0.842304 -0.174708 0.509903 0.971875 0.034375
3 1.997832 -2.164578 13.486036 0.826335 0.410928 0.385110 0.975000 0.031250
img1.png
3 -0.006830 -1.663445 12.574593 -0.000507 0.477651 0.878549 0.992188 0.802246
3 0.000000 -4.945817 12.927362 -0.145733 -0.325695 0.934176 0.991699 0.801270
3 0.310774 -4.976669 12.730961 0.738176 -0.286408 0.610792 0.992676 0.802246
img1.png
3 -0.006830 -1.663445 12.574593 -0.000507 0.477651 0.878549 0.992188 0.802246
3 -0.549831 -4.952010 12.349235 -0.971928 -0.131331 0.195213 0.991699 0.801270
3 -0.310774 -4.976669 12.730961 -0.763229 -0.249499 0.596014 0.992676 0.802246
img1.png
3 -1.557285 -5.062411 13.120381 -0.729024 -0.497405 -0.470226 0.953125 0.059375
3 0.000000 -1.898946 13.857733 -0.000692 0.081779 -0.996650 0.962500 0.046875
3 0.000000 -6.017549 13.365190 -0.000825 -0.921286 -0.388884 0.971875 0.053125
img1.png
3 1.564115 -5.062411 13.120381 0.729464 -0.494736 -0.472354 0.959375 0.050000
3 0.000000 -1.898946 13.857733 -0.000692 0.081779 -0.996650 0.962500 0.046875
3 1.844153 -2.831424 13.104736 0.856776 -0.111076 -0.503584 0.965625 0.053125
img1.png
3 0.000000 -1.898946 13.857733 -0.000692 0.081779 -0.996650 0.962500 0.046875
3 -1.557285 -5.062411 13.120381 -0.729024 -0.497405 -0.470226 0.953125 0.059375
3 -1.857813 -2.831424 13.104736 -0.857296 -0.118996 -0.500882 0.962500 0.050000
img1.png
3 0.000000 -1.898946 13.857733 -0.000692 0.081779 -0.996650 0.956250 0.050000
3 1.564115 -5.062411 13.120381 0.729464 -0.494736 -0.472354 0.956250 0.037500
3 0.000000 -6.017549 13.365190 -0.000825 -0.921286 -0.388884 0.956250 0.046875
img1.png
3 0.515680 -4.862051 12.069069 0.684110 0.094986 -0.723168 0.991211 0.802246
3 -0.515680 -4.862051 12.069069 -0.572735 0.153756 -0.805192 0.991699 0.801270
3 -0.006830 -1.663445 12.574593 -0.000507 0.477651 0.878549 0.992676 0.802246
img1.png
3 -0.310774 -4.976669 12.730961 -0.763229 -0.249499 0.596014 0.991699 0.801270
3 -0.307359 -5.638510 11.931652 -0.931986 -0.326496 -0.157491 0.992188 0.801758
3 -0.239057 -5.702168 12.196285 -0.660966 -0.606142 0.442397 0.992676 0.802246
img1.png
3 -0.307359 -5.638510 11.931652 -0.931986 -0.326496 -0.157491 0.992188 0.801758
3 -0.310774 -4.976669 12.730961 -0.763229 -0.249499 0.596014 0.991699 0.801270
3 -0.549831 -4.952010 12.349235 -0.971928 -0.131331 0.195213 0.992676 0.802246
img1.png
3 0.307359 -5.638510 11.931652 0.931985 -0.326496 -0.157491 0.991211 0.801758
3 0.515680 -4.862051 12.069069 0.684110 0.094986 -0.723168 0.991699 0.801270
3 0.549831 -4.952010 12.349235 0.972102 -0.129368 0.195659 0.992676 0.802246
img1.png
3 0.310774 -4.976669 12.730961 0.738176 -0.286408 0.610792 0.992676 0.802246
3 0.307359 -5.638510 11.931652 0.931985 -0.326496 -0.157491 0.991211 0.801758
3 0.549831 -4.952010 12.349235 0.972102 -0.129368 0.195659 0.991699 0.801270
img1.png
3 -0.307359 -5.638510 11.931652 -0.931986 -0.326496 -0.157491 0.991211 0.801758
3 -0.515680 -4.862051 12.069069 -0.572735 0.153756 -0.805192 0.992676 0.802246
3 -0.198076 -5.575782 11.800599 -0.422844 0.180012 -0.888143 0.991211 0.802246
img1.png
3 -0.515680 -4.862051 12.069069 -0.572735 0.153756 -0.805192 0.992676 0.802246
3 -0.307359 -5.638510 11.931652 -0.931986 -0.326496 -0.157491 0.991211 0.801758
3 -0.549831 -4.952010 12.349235 -0.971928 -0.131331 0.195213 0.991699 0.801270
img1.png
3 0.198076 -5.575782 11.800599 0.336216 0.221788 -0.915297 0.991211 0.801758
3 -0.515680 -4.862051 12.069069 -0.572735 0.153756 -0.805192 0.991699 0.801270
3 0.515680 -4.862051 12.069069 0.684110 0.094986 -0.723168 0.992676 0.802246
img1.png
3 -0.198076 -5.575782 11.800599 -0.422844 0.180012 -0.888143 0.991699 0.800293
3 -0.515680 -4.862051 12.069069 -0.572735 0.153756 -0.805192 0.991699 0.801270
3 0.198076 -5.575782 11.800599 0.336216 0.221788 -0.915297 0.991211 0.801758
img1.png
3 -0.239057 -5.702168 12.196285 -0.660966 -0.606142 0.442397 0.922454 0.796875
3 0.000000 -4.945817 12.927362 -0.145733 -0.325695 0.934176 0.952546 0.858796
3 -0.310774 -4.976669 12.730961 -0.763229 -0.249499 0.596014 0.916667 0.861111
img1.png
3 0.000000 -5.653163 12.456463 0.088927 -0.748254 0.657425 0.953125 0.810185
3 0.000000 -4.945817 12.927362 -0.145733 -0.325695 0.934176 0.952546 0.858796
3 -0.239057 -5.702168 12.196285 -0.660966 -0.606142 0.442397 0.922454 0.796875
img1.png
3 0.000000 -5.653163 12.456463 0.088927 -0.748254 0.657425 0.953125 0.810185
3 0.310774 -4.976669 12.730961 0.738176 -0.286408 0.610792 0.990741 0.862269
3 0.000000 -4.945817 12.927362 -0.145733 -0.325695 0.934176 0.952546 0.858796
img1.png
3 0.239057 -5.702168 12.196285 0.701846 -0.622103 0.346986 0.986690 0.798032
3 0.310774 -4.976669 12.730961 0.738176 -0.286408 0.610792 0.990741 0.862269
3 0.000000 -5.653163 12.456463 0.088927 -0.748254 0.657425 0.953125 0.810185
img1.png
3 0.000000 -6.042152 11.593570 -0.000000 -0.897437 -0.441143 0.953125 0.753472
3 0.239057 -5.702168 12.196285 0.701846 -0.622103 0.346986 0.986690 0.798032
3 0.000000 -5.653163 12.456463 0.088927 -0.748254 0.657425 0.953125 0.810185
img1.png
3 -0.239057 -5.702168 12.196285 -0.660966 -0.606142 0.442397 0.922454 0.796875
3 0.000000 -6.042152 11.593570 -0.000000 -0.897437 -0.441143 0.953125 0.753472
3 0.000000 -5.653163 12.456463 0.088927 -0.748254 0.657425 0.953125 0.810185
img1.png
3 0.000000 -6.042152 11.593570 -0.000000 -0.897437 -0.441143 0.991211 0.801758
3 -0.307359 -5.638510 11.931652 -0.931986 -0.326496 -0.157491 0.991699 0.801270
3 -0.198076 -5.575782 11.800599 -0.422844 0.180012 -0.888143 0.992676 0.802246
img1.png
3 0.198076 -5.575782 11.800599 0.336216 0.221788 -0.915297 0.991211 0.801758
3 0.000000 -6.042152 11.593570 -0.000000 -0.897437 -0.441143 0.991699 0.801270
3 -0.198076 -5.575782 11.800599 -0.422844 0.180012 -0.888143 0.992676 0.802246
img1.png
3 0.307359 -5.638510 11.931652 0.931985 -0.326496 -0.157491 0.991211 0.801758
3 0.000000 -6.042152 11.593570 -0.000000 -0.897437 -0.441143 0.991699 0.801270
3 0.198076 -5.575782 11.800599 0.336216 0.221788 -0.915297 0.992676 0.802246
img1.png
3 0.000000 -6.042152 11.593570 -0.000000 -0.897437 -0.441143 0.991211 0.801758
3 -0.239057 -5.702168 12.196285 -0.660966 -0.606142 0.442397 0.991699 0.801270
3 -0.307359 -5.638510 11.931652 -0.931986 -0.326496 -0.157491 0.992676 0.802246
img1.png
3 0.239057 -5.702168 12.196285 0.701846 -0.622103 0.346986 0.992188 0.802246
3 0.000000 -6.042152 11.593570 -0.000000 -0.897437 -0.441143 0.991699 0.801270
3 0.307359 -5.638510 11.931652 0.931985 -0.326496 -0.157491 0.992676 0.802246
img1.png
3 -0.273208 -4.746553 11.958290 -0.391711 -0.895523 0.211191 0.993056 0.342014
3 -0.717170 -4.614284 11.695707 -0.479506 -0.875017 0.066473 0.909180 0.309570
3 -0.242472 -4.806088 11.743354 -0.384201 -0.902417 0.195020 0.993056 0.307292
img1.png
3 1.553870 -3.942387 11.953409 0.789981 -0.598813 0.131732 0.932726 0.340495
3 2.124191 -2.494272 13.324224 0.905956 -0.418349 0.065022 0.944444 0.334201
3 1.400190 -3.954967 12.067262 0.457732 -0.706473 0.539794 0.899902 0.358887
img1.png
3 -1.335303 -4.203636 11.742307 -0.645211 -0.753938 0.123611 0.991319 0.342882
3 -0.758152 -4.541122 11.909691 -0.496134 -0.831828 0.248823 0.909180 0.376465
3 -1.253341 -4.221052 11.835958 -0.582777 -0.720373 0.376076 0.991319 0.376736
img1.png
3 -1.335303 -4.203636 11.742307 -0.645211 -0.753938 0.123611 0.991319 0.342882
3 -0.717170 -4.614284 11.695707 -0.479506 -0.875017 0.066473 0.909180 0.309570
3 -0.758152 -4.541122 11.909691 -0.496134 -0.831828 0.248823 0.909180 0.376465
img1.png
3 1.335303 -4.203636 11.742307 0.710455 -0.700910 -0.063082 0.991319 0.342882
3 0.717171 -4.614284 11.695707 0.479506 -0.875017 0.066472 0.909180 0.309570
3 1.287492 -4.187412 11.631622 0.713538 -0.579866 -0.393216 0.991319 0.309028
img1.png
3 -1.540209 -3.942387 11.953409 -0.871530 -0.486108 -0.064304 0.932726 0.365885
3 -1.335303 -4.203636 11.742307 -0.645211 -0.753938 0.123611 0.967882 0.355469
3 -1.386530 -3.954967 12.067262 -0.508248 -0.706098 0.493061 0.967882 0.372396
img1.png
3 -1.386530 -3.954967 12.067262 -0.508248 -0.706098 0.493061 0.967882 0.372396
3 -1.335303 -4.203636 11.742307 -0.645211 -0.753938 0.123611 0.967882 0.355469
3 -1.253341 -4.221052 11.835958 -0.582777 -0.720373 0.376076 0.991319 0.376736
img1.png
3 -2.059304 -2.494272 13.324224 -0.915268 -0.396341 0.072100 0.944444 0.368056
3 -1.540209 -3.942387 11.953409 -0.871530 -0.486108 -0.064304 0.932726 0.365885
3 -1.386530 -3.954967 12.067262 -0.508248 -0.706098 0.493061 0.967882 0.372396
img1.png
3 1.553870 -3.942387 11.953409 0.789981 -0.598813 0.131732 0.932726 0.340495
3 1.335303 -4.203636 11.742307 0.710455 -0.700910 -0.063082 0.967882 0.338542
3 1.492398 -3.933691 11.832980 0.870876 -0.206789 -0.445884 0.967882 0.321615
img1.png
3 1.492398 -3.933691 11.832980 0.870876 -0.206789 -0.445884 0.967882 0.321615
3 1.335303 -4.203636 11.742307 0.710455 -0.700910 -0.063082 0.967882 0.338542
3 1.287492 -4.187412 11.631622 0.713538 -0.579866 -0.393216 0.991319 0.309028
img1.png
3 2.124191 -2.494272 13.324224 0.905956 -0.418349 0.065022 0.944444 0.334201
3 1.553870 -3.942387 11.953409 0.789981 -0.598813 0.131732 0.932726 0.340495
3 1.492398 -3.933691 11.832980 0.870876 -0.206789 -0.445884 0.967882 0.321615
img1.png
3 -1.287492 -4.187412 11.631622 -0.772334 -0.477112 -0.419362 0.944444 0.334201
3 -1.540209 -3.942387 11.953409 -0.871530 -0.486108 -0.064304 0.932726 0.365885
3 -1.478737 -3.933691 11.832980 -0.884478 -0.089431 -0.457930 0.899902 0.358887
img1.png
3 -1.335303 -4.203636 11.742307 -0.645211 -0.753938 0.123611 0.967882 0.355469
3 -1.540209 -3.942387 11.953409 -0.871530 -0.486108 -0.064304 0.932726 0.365885
3 -1.287492 -4.187412 11.631622 -0.772334 -0.477112 -0.419362 0.944444 0.334201
img1.png
3 -0.717170 -4.614284 11.695707 -0.479506 -0.875017 0.066473 0.909180 0.309570
3 -1.335303 -4.203636 11.742307 -0.645211 -0.753938 0.123611 0.991319 0.342882
3 -1.287492 -4.187412 11.631622 -0.772334 -0.477112 -0.419362 0.991319 0.309028
img1.png
3 1.253341 -4.221052 11.835958 0.522633 -0.748346 0.408453 0.944444 0.368056
3 1.553870 -3.942387 11.953409 0.789981 -0.598813 0.131732 0.932726 0.340495
3 1.400190 -3.954967 12.067262 0.457732 -0.706473 0.539794 0.899902 0.358887
img1.png
3 1.335303 -4.203636 11.742307 0.710455 -0.700910 -0.063082 0.967882 0.338542
3 1.553870 -3.942387 11.953409 0.789981 -0.598813 0.131732 0.932726 0.340495
3 1.253341 -4.221052 11.835958 0.522633 -0.748346 0.408453 0.944444 0.368056
img1.png
3 0.717171 -4.614284 11.695707 0.479506 -0.875017 0.066472 0.909180 0.309570
3 1.335303 -4.203636 11.742307 0.710455 -0.700910 -0.063082 0.991319 0.342882
3 0.758152 -4.541122 11.909691 0.496133 -0.831829 0.248822 0.909180 0.376465
img1.png
3 0.273208 -4.746553 11.958290 0.391711 -0.895523 0.211190 0.989583 0.376736
3 0.717171 -4.614284 11.695707 0.479506 -0.875017 0.066472 0.993056 0.307292
3 0.758152 -4.541122 11.909691 0.496133 -0.831829 0.248822 0.909180 0.376465
img1.png
3 0.758152 -4.541122 11.909691 0.496133 -0.831829 0.248822 0.909180 0.376465
3 1.335303 -4.203636 11.742307 0.710455 -0.700910 -0.063082 0.991319 0.342882
3 1.253341 -4.221052 11.835958 0.522633 -0.748346 0.408453 0.991319 0.376736
img1.png
3 -0.717170 -4.614284 11.695707 -0.479506 -0.875017 0.066473 0.909180 0.309570
3 -0.273208 -4.746553 11.958290 -0.391711 -0.895523 0.211191 0.993056 0.342014
3 -0.758152 -4.541122 11.909691 -0.496134 -0.831828 0.248823 0.989583 0.376736
img1.png
3 0.515680 -4.862051 12.069069 0.684110 0.094986 -0.723168 0.991699 0.801270
3 0.307359 -5.638510 11.931652 0.931985 -0.326496 -0.157491 0.991211 0.801758
3 0.198076 -5.575782 11.800599 0.336216 0.221788 -0.915297 0.993304 0.801339
img1.png
3 0.307359 -5.638510 11.931652 0.931985 -0.326496 -0.157491 0.991211 0.801758
3 0.310774 -4.976669 12.730961 0.738176 -0.286408 0.610792 0.992676 0.802246
3 0.239057 -5.702168 12.196285 0.701846 -0.622103 0.346986 0.992676 0.802246
img1.png
8 -2.292042 -1.743760 -0.013422 0.464577 -0.753219 -0.465650 0.955078 0.946289
8 -4.245457 -2.670662 1.576152 -0.512744 -0.855904 0.067245 0.955566 0.948730
8 -3.785829 -1.951541 0.385835 -0.345054 -0.596607 -0.724568 0.956055 0.948242
img1.png
8 -4.179770 -0.888469 1.195816 -0.718812 0.280139 0.636264 0.956250 0.943750
8 -3.063980 1.614916 -0.008644 -0.622060 0.632842 -0.461033 0.956055 0.948242
8 -4.296026 -0.569706 -0.029147 -0.657324 -0.055191 -0.751584 0.958008 0.949219
img1.png
8 -3.098874 1.118424 1.578348 -0.342862 0.473597 0.811266 0.955566 0.953125
8 -3.063980 1.614916 -0.008644 -0.622060 0.632842 -0.461033 0.956055 0.948242
8 -4.179770 -0.888469 1.195816 -0.718812 0.280139 0.636264 0.956250 0.943750
img1.png
8 -3.063980 1.614916 -0.008644 -0.622060 0.632842 -0.461033 0.956055 0.948242
8 -3.098874 1.118424 1.578348 -0.342862 0.473597 0.811266 0.955566 0.953125
8 -1.452347 1.863896 0.020891 0.521370 0.852964 -0.025012 0.957031 0.951172
img1.png
8 -1.452347 1.863896 0.020891 0.521370 0.852964 -0.025012 0.957031 0.951172
8 -3.098874 1.118424 1.578348 -0.342862 0.473597 0.811266 0.955566 0.953125
8 -1.679585 1.537080 1.582945 0.361875 0.604261 0.709870 0.958984 0.947266
img1.png
8 -1.411560 0.133479 1.591619 0.758094 -0.164759 0.630990 0.958496 0.945801
8 -2.292042 -1.743760 -0.013422 0.464577 -0.753219 -0.465650 0.955078 0.946289
8 -0.964419 0.374579 0.007745 0.572070 -0.067381 -0.817433 0.956055 0.950195
img1.png
8 -1.679585 1.537080 1.582945 0.361875 0.604261 0.709870 0.958984 0.947266
8 -1.411560 0.133479 1.591619 0.758094 -0.164759 0.630990 0.958496 0.945801
8 -1.452347 1.863896 0.020891 0.521370 0.852964 -0.025012 0.957031 0.951172
img1.png
8 -3.098874 1.118424 1.578348 -0.342862 0.473597 0.811266 0.955566 0.953125
8 -1.411560 0.133479 1.591619 0.758094 -0.164759 0.630990 0.958496 0.945801
8 -1.679585 1.537080 1.582945 0.361875 0.604261 0.709870 0.958984 0.947266
img1.png
8 -1.411560 0.133479 1.591619 0.758094 -0.164759 0.630990 0.958496 0.945801
8 -3.098874 1.118424 1.578348 -0.342862 0.473597 0.811266 0.955566 0.953125
8 -2.648124 -1.774486 1.207931 0.324047 -0.390375 0.861743 0.958496 0.947266
img1.png
8 -2.648124 -1.774486 1.207931 0.324047 -0.390375 0.861743 0.958496 0.947266
8 -2.292042 -1.743760 -0.013422 0.464577 -0.753219 -0.465650 0.955078 0.946289
8 -1.411560 0.133479 1.591619 0.758094 -0.164759 0.630990 0.958496 0.945801
img1.png
8 -4.245457 -2.670662 1.576152 -0.512744 -0.855904 0.067245 0.955566 0.948730
8 -2.292042 -1.743760 -0.013422 0.464577 -0.753219 -0.465650 0.955078 0.946289
8 -2.648124 -1.774486 1.207931 0.324047 -0.390375 0.861743 0.958496 0.947266
img1.png
8 -2.648124 -1.774486 1.207931 0.324047 -0.390375 0.861743 0.958496 0.947266
8 -4.179770 -0.888469 1.195816 -0.718812 0.280139 0.636264 0.956055 0.948242
8 -4.245457 -2.670662 1.576152 -0.512744 -0.855904 0.067245 0.955566 0.948730
img1.png
8 -2.648124 -1.774486 1.207931 0.324047 -0.390375 0.861743 0.958496 0.947266
8 -3.098874 1.118424 1.578348 -0.342862 0.473597 0.811266 0.955566 0.953125
8 -4.179770 -0.888469 1.195816 -0.718812 0.280139 0.636264 0.956055 0.948242
img1.png
8 -1.452347 1.863896 0.020891 0.521370 0.852964 -0.025012 0.957031 0.951172
8 -1.411560 0.133479 1.591619 0.758094 -0.164759 0.630990 0.958496 0.945801
8 -0.964419 0.374579 0.007745 0.572070 -0.067381 -0.817433 0.955078 0.946289
img1.png
8 -4.296026 -0.569706 -0.029147 -0.657324 -0.055191 -0.751584 0.956055 0.948242
8 -4.245457 -2.670662 1.576152 -0.512744 -0.855904 0.067245 0.955566 0.948730
8 -4.179770 -0.888469 1.195816 -0.718812 0.280139 0.636264 0.956250 0.943750
img1.png
8 -4.245457 -2.670662 1.576152 -0.512744 -0.855904 0.067245 0.955566 0.948730
8 -4.296026 -0.569706 -0.029147 -0.657324 -0.055191 -0.751584 0.956055 0.948242
8 -3.785829 -1.951541 0.385835 -0.345054 -0.596607 -0.724568 0.958984 0.945313
img1.png
10 -3.349110 -0.919046 1.133451 -0.371452 -0.535608 -0.758384 0.631250 0.525000
10 -2.703828 -2.282426 4.694293 0.501232 -0.863238 0.059891 0.625000 0.525000
10 -3.780491 -2.397684 4.475795 -0.826255 -0.561766 -0.041495 0.625000 0.521875
img1.png
10 -1.664036 -0.878639 1.373042 0.824478 -0.384381 -0.415316 0.625000 0.525000
10 -2.703828 -2.282426 4.694293 0.501232 -0.863238 0.059891 0.625000 0.525000
10 -3.349110 -0.919046 1.133451 -0.371452 -0.535608 -0.758384 0.631250 0.525000
img1.png
10 -2.703828 -2.282426 4.694293 0.501232 -0.863238 0.059891 0.625000 0.525000
10 -1.664036 -0.878639 1.373042 0.824478 -0.384381 -0.415316 0.625000 0.525000
10 -2.677968 -1.378502 5.126268 0.643079 0.131059 0.754502 0.625000 0.518750
img1.png
10 -2.677968 -1.378502 5.126268 0.643079 0.131059 0.754502 0.625000 0.518750
10 -1.664036 -0.878639 1.373042 0.824478 -0.384381 -0.415316 0.625000 0.525000
10 -1.504840 0.776337 2.241529 0.473365 0.872429 0.121632 0.631250 0.525000
img1.png
10 -1.504840 0.776337 2.241529 0.473365 0.872429 0.121632 0.631250 0.525000
10 -3.664908 -1.428194 4.986403 -0.603118 0.525336 0.600226 0.628125 0.518750
10 -2.677968 -1.378502 5.126268 0.643079 0.131059 0.754502 0.625000 0.518750
img1.png
10 -3.382158 0.636674 1.916052 -0.762974 0.621921 -0.176311 0.625000 0.518750
10 -3.664908 -1.428194 4.986403 -0.603118 0.525336 0.600226 0.628125 0.518750
10 -1.504840 0.776337 2.241529 0.473365 0.872429 0.121632 0.631250 0.525000
img1.png
10 -3.349110 -0.919046 1.133451 -0.371452 -0.535608 -0.758384 0.631250 0.525000
10 -3.780491 -2.397684 4.475795 -0.826255 -0.561766 -0.041495 0.625000 0.521875
10 -3.382158 0.636674 1.916052 -0.762974 0.621921 -0.176311 0.625000 0.518750
img1.png
10 -3.382158 0.636674 1.916052 -0.762974 0.621921 -0.176311 0.625000 0.518750
10 -3.780491 -2.397684 4.475795 -0.826255 -0.561766 -0.041495 0.625000 0.521875
10 -3.664908 -1.428194 4.986403 -0.603118 0.525336 0.600226 0.628125 0.518750
img1.png
10 -3.664908 -1.428194 4.986403 -0.603118 0.525336 0.600226 0.628125 0.518750
10 -3.477412 -2.333151 5.357512 -0.162004 -0.462975 0.871441 0.625000 0.521875
10 -2.677968 -1.378502 5.126268 0.643079 0.131059 0.754502 0.625000 0.518750
img1.png
10 -2.703828 -2.282426 4.694293 0.501232 -0.863238 0.059891 0.625000 0.525000
10 -3.477412 -2.333151 5.357512 -0.162004 -0.462975 0.871441 0.625000 0.521875
10 -3.780491 -2.397684 4.475795 -0.826255 -0.561766 -0.041495 0.625000 0.521875
img1.png
10 -3.477412 -2.333151 5.357512 -0.162004 -0.462975 0.871441 0.625000 0.521875
10 -3.664908 -1.428194 4.986403 -0.603118 0.525336 0.600226 0.628125 0.518750
10 -3.780491 -2.397684 4.475795 -0.826255 -0.561766 -0.041495 0.625000 0.521875
img1.png
10 -3.477412 -2.333151 5.357512 -0.162004 -0.462975 0.871441 0.625000 0.521875
10 -2.703828 -2.282426 4.694293 0.501232 -0.863238 0.059891 0.625000 0.525000
10 -2.677968 -1.378502 5.126268 0.643079 0.131059 0.754502 0.625000 0.518750
img1.png
10 -2.431043 0.250664 0.886248 0.090736 0.419575 -0.903174 0.631250 0.518750
10 -3.349110 -0.919046 1.133451 -0.371452 -0.535608 -0.758384 0.631250 0.525000
10 -3.382158 0.636674 1.916052 -0.762974 0.621921 -0.176311 0.625000 0.518750
img1.png
10 -1.504840 0.776337 2.241529 0.473365 0.872429 0.121632 0.631250 0.525000
10 -2.431043 0.250664 0.886248 0.090736 0.419575 -0.903174 0.631250 0.518750
10 -3.382158 0.636674 1.916052 -0.762974 0.621921 -0.176311 0.625000 0.518750
img1.png
10 -3.349110 -0.919046 1.133451 -0.371452 -0.535608 -0.758384 0.631250 0.525000
10 -2.431043 0.250664 0.886248 0.090736 0.419575 -0.903174 0.631250 0.518750
10 -1.664036 -0.878639 1.373042 0.824478 -0.384381 -0.415316 0.625000 0.525000
img1.png
10 -2.431043 0.250664 0.886248 0.090736 0.419575 -0.903174 0.631250 0.518750
10 -1.504840 0.776337 2.241529 0.473365 0.872429 0.121632 0.631250 0.525000
10 -1.664036 -0.878639 1.373042 0.824478 -0.384381 -0.415316 0.625000 0.525000
img1.png
12 -3.576880 -2.154121 5.488182 -0.515510 -0.633924 0.576532 0.609375 0.550000
12 -0.475760 -0.693810 6.753555 0.691399 -0.610991 0.385560 0.609375 0.553125
12 -1.389013 -0.303195 7.441118 -0.353775 0.122395 0.927288 0.603125 0.546875
img1.png
12 -2.776231 -2.443622 4.831389 0.450201 -0.850035 -0.273421 0.609375 0.553125
12 -0.475760 -0.693810 6.753555 0.691399 -0.610991 0.385560 0.609375 0.553125
12 -3.576880 -2.154121 5.488182 -0.515510 -0.633924 0.576532 0.609375 0.550000
img1.png
12 -0.475760 -0.693810 6.753555 0.691399 -0.610991 0.385560 0.609375 0.553125
12 -2.776231 -2.443622 4.831389 0.450201 -0.850035 -0.273421 0.609375 0.553125
12 -0.559493 0.262561 5.877714 0.771478 0.310856 -0.555149 0.609375 0.562500
img1.png
12 -0.559493 0.262561 5.877714 0.771478 0.310856 -0.555149 0.609375 0.562500
12 -2.776231 -2.443622 4.831389 0.450201 -0.850035 -0.273421 0.609375 0.553125
12 -2.842339 -1.656564 4.113621 0.017501 0.277528 -0.960558 0.609375 0.550000
img1.png
12 -2.842339 -1.656564 4.113621 0.017501 0.277528 -0.960558 0.609375 0.550000
12 -1.436845 0.541702 6.668016 -0.333388 0.942720 -0.011467 0.596875 0.546875
12 -0.559493 0.262561 5.877714 0.771478 0.310856 -0.555149 0.609375 0.562500
img1.png
12 -3.602146 -1.374804 4.761478 -0.846698 0.526700 -0.075430 0.603125 0.556250
12 -1.389013 -0.303195 7.441118 -0.353775 0.122395 0.927288 0.603125 0.546875
12 -1.436845 0.541702 6.668016 -0.333388 0.942720 -0.011467 0.596875 0.546875
img1.png
12 -3.602146 -1.374804 4.761478 -0.846698 0.526700 -0.075430 0.603125 0.556250
12 -1.436845 0.541702 6.668016 -0.333388 0.942720 -0.011467 0.596875 0.546875
12 -2.842339 -1.656564 4.113621 0.017501 0.277528 -0.960558 0.609375 0.550000
img1.png
12 -3.576880 -2.154121 5.488182 -0.515510 -0.633924 0.576532 0.609375 0.550000
12 -1.389013 -0.303195 7.441118 -0.353775 0.122395 0.927288 0.603125 0.546875
12 -3.602146 -1.374804 4.761478 -0.846698 0.526700 -0.075430 0.603125 0.556250
img1.png
12 -3.695738 -2.321253 4.378224 -0.650158 -0.525536 -0.548732 0.600000 0.553125
12 -3.576880 -2.154121 5.488182 -0.515510 -0.633924 0.576532 0.609375 0.550000
12 -3.602146 -1.374804 4.761478 -0.846698 0.526700 -0.075430 0.603125 0.556250
img1.png
12 -2.842339 -1.656564 4.113621 0.017501 0.277528 -0.960558 0.609375 0.550000
12 -3.695738 -2.321253 4.378224 -0.650158 -0.525536 -0.548732 0.600000 0.553125
12 -3.602146 -1.374804 4.761478 -0.846698 0.526700 -0.075430 0.603125 0.556250
img1.png
12 -3.695738 -2.321253 4.378224 -0.650158 -0.525536 -0.548732 0.600000 0.553125
12 -2.776231 -2.443622 4.831389 0.450201 -0.850035 -0.273421 0.609375 0.553125
12 -3.576880 -2.154121 5.488182 -0.515510 -0.633924 0.576532 0.609375 0.550000
img1.png
12 -2.776231 -2.443622 4.831389 0.450201 -0.850035 -0.273421 0.609375 0.553125
12 -3.695738 -2.321253 4.378224 -0.650158 -0.525536 -0.548732 0.600000 0.553125
12 -2.842339 -1.656564 4.113621 0.017501 0.277528 -0.960558 0.609375 0.550000
img1.png
12 -0.502488 0.405153 7.124333 0.594896 0.572915 0.563796 0.606250 0.553125
12 -0.559493 0.262561 5.877714 0.771478 0.310856 -0.555149 0.609375 0.562500
12 -1.436845 0.541702 6.668016 -0.333388 0.942720 -0.011467 0.596875 0.546875
img1.png
12 -0.502488 0.405153 7.124333 0.594896 0.572915 0.563796 0.606250 0.553125
12 -1.389013 -0.303195 7.441118 -0.353775 0.122395 0.927288 0.603125 0.546875
12 -0.475760 -0.693810 6.753555 0.691399 -0.610991 0.385560 0.609375 0.553125
img1.png
12 -0.559493 0.262561 5.877714 0.771478 0.310856 -0.555149 0.609375 0.562500
12 -0.502488 0.405153 7.124333 0.594896 0.572915 0.563796 0.606250 0.553125
12 -0.475760 -0.693810 6.753555 0.691399 -0.610991 0.385560 0.609375 0.553125
img1.png
12 -1.389013 -0.303195 7.441118 -0.353775 0.122395 0.927288 0.603125 0.546875
12 -0.502488 0.405153 7.124333 0.594896 0.572915 0.563796 0.606250 0.553125
12 -1.436845 0.541702 6.668016 -0.333388 0.942720 -0.011467 0.596875 0.546875
img1.png
17 4.298876 -2.684520 1.588999 0.522587 -0.849593 0.071375 0.945801 0.945801
17 2.348379 -1.771782 -0.009807 -0.265744 -0.620544 -0.737770 0.950684 0.943848
17 3.845623 -1.961474 0.394858 0.354444 -0.593975 -0.722193 0.947754 0.942871
img1.png
17 4.342695 -0.555842 -0.037213 0.875008 0.054168 -0.481069 0.950000 0.943750
17 4.298876 -2.684520 1.588999 0.522587 -0.849593 0.071375 0.945801 0.945801
17 3.845623 -1.961474 0.394858 0.354444 -0.593975 -0.722193 0.947754 0.942871
img1.png
17 4.342695 -0.555842 -0.037213 0.875008 0.054168 -0.481069 0.950000 0.943750
17 3.138854 1.100203 1.553481 0.559122 0.463843 0.687192 0.946289 0.947266
17 4.223522 -0.864117 1.190917 0.507853 0.120018 0.853042 0.951660 0.943359
img1.png
17 4.298876 -2.684520 1.588999 0.522587 -0.849593 0.071375 0.945801 0.945801
17 4.342695 -0.555842 -0.037213 0.875008 0.054168 -0.481069 0.950000 0.943750
17 4.223522 -0.864117 1.190917 0.507853 0.120018 0.853042 0.951660 0.943359
img1.png
17 3.108656 1.579663 -0.038454 0.347786 0.657298 -0.668584 0.945801 0.945801
17 3.138854 1.100203 1.553481 0.559122 0.463843 0.687192 0.946289 0.947266
17 4.342695 -0.555842 -0.037213 0.875008 0.054168 -0.481069 0.950000 0.943750
img1.png
17 1.733007 1.523079 1.553712 -0.422975 0.704320 0.570109 0.946875 0.940625
17 3.108656 1.579663 -0.038454 0.347786 0.657298 -0.668584 0.945801 0.945801
17 1.506908 1.838952 -0.011554 -0.485851 0.783015 -0.388377 0.946289 0.947266
img1.png
17 3.138854 1.100203 1.553481 0.559122 0.463843 0.687192 0.945801 0.942383
17 3.108656 1.579663 -0.038454 0.347786 0.657298 -0.668584 0.945801 0.945801
17 1.733007 1.523079 1.553712 -0.422975 0.704320 0.570109 0.946875 0.940625
img1.png
17 2.348379 -1.771782 -0.009807 -0.265744 -0.620544 -0.737770 0.950684 0.943848
17 4.298876 -2.684520 1.588999 0.522587 -0.849593 0.071375 0.945801 0.945801
17 2.701544 -1.792071 1.211832 -0.572293 -0.494356 0.654288 0.949219 0.940918
img1.png
17 4.223522 -0.864117 1.190917 0.507853 0.120018 0.853042 0.951660 0.943359
17 2.701544 -1.792071 1.211832 -0.572293 -0.494356 0.654288 0.949219 0.940918
17 4.298876 -2.684520 1.588999 0.522587 -0.849593 0.071375 0.945801 0.945801
img1.png
17 1.465262 0.079810 1.576480 -0.410048 -0.166195 0.896794 0.947266 0.943359
17 3.138854 1.100203 1.553481 0.559122 0.463843 0.687192 0.946289 0.947266
17 1.733007 1.523079 1.553712 -0.422975 0.704320 0.570109 0.946875 0.940625
img1.png
17 3.138854 1.100203 1.553481 0.559122 0.463843 0.687192 0.946289 0.947266
17 1.465262 0.079810 1.576480 -0.410048 -0.166195 0.896794 0.947266 0.943359
17 4.223522 -0.864117 1.190917 0.507853 0.120018 0.853042 0.951660 0.943359
img1.png
17 4.223522 -0.864117 1.190917 0.507853 0.120018 0.853042 0.951660 0.943359
17 1.465262 0.079810 1.576480 -0.410048 -0.166195 0.896794 0.947266 0.943359
17 2.701544 -1.792071 1.211832 -0.572293 -0.494356 0.654288 0.949219 0.940918
img1.png
17 1.018123 0.305060 -0.009725 -0.939027 -0.163639 -0.302407 0.950684 0.943848
17 2.701544 -1.792071 1.211832 -0.572293 -0.494356 0.654288 0.949219 0.940918
17 1.465262 0.079810 1.576480 -0.410048 -0.166195 0.896794 0.947266 0.943359
img1.png
17 1.465262 0.079810 1.576480 -0.410048 -0.166195 0.896794 0.947266 0.943359
17 1.733007 1.523079 1.553712 -0.422975 0.704320 0.570109 0.946875 0.940625
17 1.018123 0.305060 -0.009725 -0.939027 -0.163639 -0.302407 0.950684 0.943848
img1.png
17 1.018123 0.305060 -0.009725 -0.939027 -0.163639 -0.302407 0.950684 0.943848
17 1.733007 1.523079 1.553712 -0.422975 0.704320 0.570109 0.946875 0.940625
17 1.506908 1.838952 -0.011554 -0.485851 0.783015 -0.388377 0.946289 0.947266
img1.png
17 2.348379 -1.771782 -0.009807 -0.265744 -0.620544 -0.737770 0.947754 0.942871
17 2.701544 -1.792071 1.211832 -0.572293 -0.494356 0.654288 0.949219 0.940918
17 1.018123 0.305060 -0.009725 -0.939027 -0.163639 -0.302407 0.950684 0.943848
img1.png
19 3.801795 -2.424699 4.490780 0.495355 -0.859652 -0.124988 0.603125 0.525000
19 1.685343 -0.936756 1.372990 -0.578566 -0.587704 -0.565567 0.609375 0.528125
19 3.370416 -0.979558 1.133817 0.720556 -0.223631 -0.656345 0.603125 0.534375
img1.png
19 2.725131 -2.307261 4.708113 -0.709491 -0.665912 0.230617 0.603125 0.528125
19 1.685343 -0.936756 1.372990 -0.578566 -0.587704 -0.565567 0.609375 0.528125
19 3.801795 -2.424699 4.490780 0.495355 -0.859652 -0.124988 0.603125 0.525000
img1.png
19 1.685343 -0.936756 1.372990 -0.578566 -0.587704 -0.565567 0.609375 0.528125
19 2.725131 -2.307261 4.708113 -0.709491 -0.665912 0.230617 0.603125 0.528125
19 1.526147 0.726821 2.224884 -0.835506 0.549248 0.015998 0.603125 0.534375
img1.png
19 1.526147 0.726821 2.224884 -0.835506 0.549248 0.015998 0.603125 0.534375
19 2.725131 -2.307261 4.708113 -0.709491 -0.665912 0.230617 0.603125 0.528125
19 2.699272 -1.399063 5.131027 -0.325310 0.430026 0.842171 0.606250 0.528125
img1.png
19 2.699272 -1.399063 5.131027 -0.325310 0.430026 0.842171 0.606250 0.528125
19 3.405954 0.586154 1.901478 0.542479 0.839786 -0.021797 0.606250 0.531250
19 1.526147 0.726821 2.224884 -0.835506 0.549248 0.015998 0.603125 0.534375
img1.png
19 3.801795 -2.424699 4.490780 0.495355 -0.859652 -0.124988 0.603125 0.525000
19 3.370416 -0.979558 1.133817 0.720556 -0.223631 -0.656345 0.603125 0.534375
19 3.686211 -1.450151 4.991667 0.835734 0.340198 0.431062 0.600000 0.528125
img1.png
19 3.686211 -1.450151 4.991667 0.835734 0.340198 0.431062 0.600000 0.528125
19 3.405954 0.586154 1.901478 0.542479 0.839786 -0.021797 0.606250 0.531250
19 2.699272 -1.399063 5.131027 -0.325310 0.430026 0.842171 0.606250 0.528125
img1.png
19 3.686211 -1.450151 4.991667 0.835734 0.340198 0.431062 0.600000 0.528125
19 3.370416 -0.979558 1.133817 0.720556 -0.223631 -0.656345 0.603125 0.534375
19 3.405954 0.586154 1.901478 0.542479 0.839786 -0.021797 0.606250 0.531250
img1.png
19 3.686211 -1.450151 4.991667 0.835734 0.340198 0.431062 0.600000 0.528125
19 3.498715 -2.351352 5.371807 0.162004 -0.454237 0.876027 0.600000 0.528125
19 3.801795 -2.424699 4.490780 0.495355 -0.859652 -0.124988 0.603125 0.525000
img1.png
19 3.498715 -2.351352 5.371807 0.162004 -0.454237 0.876027 0.600000 0.528125
19 2.725131 -2.307261 4.708113 -0.709491 -0.665912 0.230617 0.603125 0.528125
19 3.801795 -2.424699 4.490780 0.495355 -0.859652 -0.124988 0.603125 0.525000
img1.png
19 2.725131 -2.307261 4.708113 -0.709491 -0.665912 0.230617 0.603125 0.528125
19 3.498715 -2.351352 5.371807 0.162004 -0.454237 0.876027 0.600000 0.528125
19 2.699272 -1.399063 5.131027 -0.325310 0.430026 0.842171 0.606250 0.528125
img1.png
19 3.498715 -2.351352 5.371807 0.162004 -0.454237 0.876027 0.600000 0.528125
19 3.686211 -1.450151 4.991667 0.835734 0.340198 0.431062 0.600000 0.528125
19 2.699272 -1.399063 5.131027 -0.325310 0.430026 0.842171 0.606250 0.528125
img1.png
19 2.449861 0.185378 0.874272 -0.092113 0.409314 -0.907732 0.600000 0.518750
19 1.526147 0.726821 2.224884 -0.835506 0.549248 0.015998 0.603125 0.534375
19 3.405954 0.586154 1.901478 0.542479 0.839786 -0.021797 0.606250 0.531250
img1.png
19 1.526147 0.726821 2.224884 -0.835506 0.549248 0.015998 0.603125 0.534375
19 2.449861 0.185378 0.874272 -0.092113 0.409314 -0.907732 0.600000 0.518750
19 1.685343 -0.936756 1.372990 -0.578566 -0.587704 -0.565567 0.609375 0.528125
img1.png
19 2.449861 0.185378 0.874272 -0.092113 0.409314 -0.907732 0.600000 0.518750
19 3.370416 -0.979558 1.133817 0.720556 -0.223631 -0.656345 0.603125 0.534375
19 1.685343 -0.936756 1.372990 -0.578566 -0.587704 -0.565567 0.609375 0.528125
img1.png
19 3.370416 -0.979558 1.133817 0.720556 -0.223631 -0.656345 0.603125 0.534375
19 2.449861 0.185378 0.874272 -0.092113 0.409314 -0.907732 0.600000 0.518750
19 3.405954 0.586154 1.901478 0.542479 0.839786 -0.021797 0.606250 0.531250
img1.png
21 1.395345 -0.287392 7.443816 0.074629 -0.237918 0.968414 0.606250 0.565625
21 2.782565 -2.453808 4.855623 -0.290013 -0.956441 0.033365 0.612500 0.550000
21 3.583213 -2.157754 5.509488 0.790511 -0.268500 0.550454 0.596875 0.559375
img1.png
21 0.482092 -0.684862 6.760192 -0.857039 -0.506372 0.095243 0.603125 0.559375
21 2.782565 -2.453808 4.855623 -0.290013 -0.956441 0.033365 0.612500 0.550000
21 1.395345 -0.287392 7.443816 0.074629 -0.237918 0.968414 0.606250 0.565625
img1.png
21 2.782565 -2.453808 4.855623 -0.290013 -0.956441 0.033365 0.612500 0.550000
21 0.482092 -0.684862 6.760192 -0.857039 -0.506372 0.095243 0.603125 0.559375
21 2.848673 -1.673967 4.130020 -0.314511 -0.104074 -0.943531 0.596875 0.559375
img1.png
21 2.848673 -1.673967 4.130020 -0.314511 -0.104074 -0.943531 0.596875 0.559375
21 0.482092 -0.684862 6.760192 -0.857039 -0.506372 0.095243 0.603125 0.559375
21 0.565827 0.262703 5.874833 -0.466617 0.674911 -0.571632 0.606250 0.565625
img1.png
21 0.565827 0.262703 5.874833 -0.466617 0.674911 -0.571632 0.606250 0.565625
21 3.608480 -1.385743 4.775028 0.703684 0.618890 -0.349005 0.606250 0.562500
21 2.848673 -1.673967 4.130020 -0.314511 -0.104074 -0.943531 0.596875 0.559375
img1.png
21 1.395345 -0.287392 7.443816 0.074629 -0.237918 0.968414 0.606250 0.565625
21 3.583213 -2.157754 5.509488 0.790511 -0.268500 0.550454 0.596875 0.559375
21 1.443177 0.549732 6.662304 0.478723 0.840620 0.253342 0.606250 0.559375
img1.png
21 1.443177 0.549732 6.662304 0.478723 0.840620 0.253342 0.606250 0.559375
21 3.583213 -2.157754 5.509488 0.790511 -0.268500 0.550454 0.596875 0.559375
21 3.608480 -1.385743 4.775028 0.703684 0.618890 -0.349005 0.606250 0.562500
img1.png
21 1.443177 0.549732 6.662304 0.478723 0.840620 0.253342 0.606250 0.559375
21 3.608480 -1.385743 4.775028 0.703684 0.618890 -0.349005 0.606250 0.562500
21 0.565827 0.262703 5.874833 -0.466617 0.674911 -0.571632 0.606250 0.565625
img1.png
21 3.583213 -2.157754 5.509488 0.790511 -0.268500 0.550454 0.596875 0.559375
21 3.699961 -2.338650 4.401503 0.649075 -0.532425 -0.543347 0.596875 0.546875
21 3.608480 -1.385743 4.775028 0.703684 0.618890 -0.349005 0.606250 0.562500
img1.png
21 3.699961 -2.338650 4.401503 0.649075 -0.532425 -0.543347 0.596875 0.546875
21 2.782565 -2.453808 4.855623 -0.290013 -0.956441 0.033365 0.612500 0.550000
21 2.848673 -1.673967 4.130020 -0.314511 -0.104074 -0.943531 0.596875 0.559375
img1.png
21 2.782565 -2.453808 4.855623 -0.290013 -0.956441 0.033365 0.612500 0.550000
21 3.699961 -2.338650 4.401503 0.649075 -0.532425 -0.543347 0.596875 0.546875
21 3.583213 -2.157754 5.509488 0.790511 -0.268500 0.550454 0.596875 0.559375
img1.png
21 3.699961 -2.338650 4.401503 0.649075 -0.532425 -0.543347 0.596875 0.546875
21 2.848673 -1.673967 4.130020 -0.314511 -0.104074 -0.943531 0.596875 0.559375
21 3.608480 -1.385743 4.775028 0.703684 0.618890 -0.349005 0.606250 0.562500
img1.png
21 0.510931 0.420427 7.119717 -0.593838 0.579751 0.557894 0.596875 0.559375
21 0.565827 0.262703 5.874833 -0.466617 0.674911 -0.571632 0.606250 0.565625
21 0.482092 -0.684862 6.760192 -0.857039 -0.506372 0.095243 0.603125 0.559375
img1.png
21 0.565827 0.262703 5.874833 -0.466617 0.674911 -0.571632 0.606250 0.565625
21 0.510931 0.420427 7.119717 -0.593838 0.579751 0.557894 0.596875 0.559375
21 1.443177 0.549732 6.662304 0.478723 0.840620 0.253342 0.606250 0.559375
img1.png
21 1.395345 -0.287392 7.443816 0.074629 -0.237918 0.968414 0.606250 0.565625
21 0.510931 0.420427 7.119717 -0.593838 0.579751 0.557894 0.596875 0.559375
21 0.482092 -0.684862 6.760192 -0.857039 -0.506372 0.095243 0.603125 0.559375
img1.png
21 0.510931 0.420427 7.119717 -0.593838 0.579751 0.557894 0.596875 0.559375
21 1.395345 -0.287392 7.443816 0.074629 -0.237918 0.968414 0.606250 0.565625
21 1.443177 0.549732 6.662304 0.478723 0.840620 0.253342 0.606250 0.559375
img1.png
28 -3.486064 -1.084962 9.614576 0.784577 -0.002671 0.620026 0.821875 0.790625
28 -4.068477 -0.522223 9.658643 0.206317 0.812130 0.545783 0.821875 0.793750
28 -4.422855 -1.137205 9.994110 -0.444097 0.066212 0.893529 0.821875 0.787500
img1.png
28 -5.514646 -3.056247 7.210186 -0.966261 0.253739 0.044221 0.821875 0.790625
28 -4.422855 -1.137205 9.994110 -0.444097 0.066212 0.893529 0.821875 0.787500
28 -4.785574 -0.526706 9.273140 -0.538842 0.838654 -0.079422 0.821875 0.793750
img1.png
28 -5.120605 -3.822353 8.181596 -0.102881 -0.543529 0.833062 0.818750 0.790625
28 -4.422855 -1.137205 9.994110 -0.444097 0.066212 0.893529 0.821875 0.787500
28 -5.514646 -3.056247 7.210186 -0.966261 0.253739 0.044221 0.821875 0.790625
img1.png
28 -4.422855 -1.137205 9.994110 -0.444097 0.066212 0.893529 0.821875 0.787500
28 -4.068477 -0.522223 9.658643 0.206317 0.812130 0.545783 0.821875 0.793750
28 -4.785574 -0.526706 9.273140 -0.538842 0.838654 -0.079422 0.821875 0.790625
img1.png
28 -5.120605 -3.822353 8.181596 -0.102881 -0.543529 0.833062 0.821875 0.790625
28 -3.486064 -1.084962 9.614576 0.784577 -0.002671 0.620026 0.821875 0.793750
28 -4.422855 -1.137205 9.994110 -0.444097 0.066212 0.893529 0.821875 0.787500
img1.png
28 -3.923367 -3.729934 7.634393 0.991373 -0.130235 -0.014765 0.818750 0.790625
28 -3.486064 -1.084962 9.614576 0.784577 -0.002671 0.620026 0.821875 0.793750
28 -5.120605 -3.822353 8.181596 -0.102881 -0.543529 0.833062 0.821875 0.790625
img1.png
28 -3.923367 -3.729934 7.634393 0.991373 -0.130235 -0.014765 0.818750 0.790625
28 -3.902167 -0.532796 9.001000 0.610943 0.714896 -0.340106 0.821875 0.793750
28 -3.486064 -1.084962 9.614576 0.784577 -0.002671 0.620026 0.821875 0.790625
img1.png
28 -4.335519 -2.947384 6.698750 0.169482 0.650960 -0.739951 0.818750 0.787500
28 -3.902167 -0.532796 9.001000 0.610943 0.714896 -0.340106 0.821875 0.793750
28 -3.923367 -3.729934 7.634393 0.991373 -0.130235 -0.014765 0.818750 0.790625
img1.png
28 -3.902167 -0.532796 9.001000 0.610943 0.714896 -0.340106 0.818750 0.790625
28 -4.068477 -0.522223 9.658643 0.206317 0.812130 0.545783 0.821875 0.793750
28 -3.486064 -1.084962 9.614576 0.784577 -0.002671 0.620026 0.821875 0.790625
img1.png
28 -4.501304 -2.425067 8.265910 0.147254 0.791968 0.592539 0.668750 0.106250
28 -4.198213 -2.621217 6.805161 0.245393 0.824079 -0.510565 0.671875 0.103125
28 -5.730488 -2.728769 7.425752 -0.803870 0.553292 0.218314 0.668750 0.106250
img1.png
28 -5.988409 -3.568170 6.794144 -0.805481 0.032202 -0.591746 0.665625 0.112500
28 -4.389875 -3.535650 6.039105 0.427154 -0.062110 -0.902043 0.665625 0.106250
28 -4.991319 -4.489163 6.752383 -0.236122 -0.840774 -0.487181 0.668750 0.103125
img1.png
28 -4.389875 -3.535650 6.039105 0.427154 -0.062110 -0.902043 0.665625 0.106250
28 -5.988409 -3.568170 6.794144 -0.805481 0.032202 -0.591746 0.665625 0.112500
28 -4.198213 -2.621217 6.805161 0.245393 0.824079 -0.510565 0.671875 0.103125
img1.png
28 -4.198213 -2.621217 6.805161 0.245393 0.824079 -0.510565 0.671875 0.103125
28 -5.988409 -3.568170 6.794144 -0.805481 0.032202 -0.591746 0.665625 0.112500
28 -5.730488 -2.728769 7.425752 -0.803870 0.553292 0.218314 0.668750 0.106250
img1.png
28 -3.504749 -3.675223 8.016529 0.949004 0.088687 0.302533 0.668750 0.106250
28 -4.389875 -3.535650 6.039105 0.427154 -0.062110 -0.902043 0.665625 0.106250
28 -4.198213 -2.621217 6.805161 0.245393 0.824079 -0.510565 0.671875 0.103125
img1.png
28 -4.198213 -2.621217 6.805161 0.245393 0.824079 -0.510565 0.671875 0.103125
28 -4.501304 -2.425067 8.265910 0.147254 0.791968 0.592539 0.668750 0.106250
28 -3.504749 -3.675223 8.016529 0.949004 0.088687 0.302533 0.668750 0.106250
img1.png
28 -3.697948 -4.523778 7.413424 0.514730 -0.842142 0.160782 0.665625 0.112500
28 -4.389875 -3.535650 6.039105 0.427154 -0.062110 -0.902043 0.665625 0.106250
28 -3.504749 -3.675223 8.016529 0.949004 0.088687 0.302533 0.668750 0.106250
img1.png
28 -4.389875 -3.535650 6.039105 0.427154 -0.062110 -0.902043 0.665625 0.106250
28 -3.697948 -4.523778 7.413424 0.514730 -0.842142 0.160782 0.665625 0.112500
28 -4.991319 -4.489163 6.752383 -0.236122 -0.840774 -0.487181 0.668750 0.103125
img1.png
28 -4.068477 -0.522223 9.658643 0.206317 0.812130 0.545783 0.818750 0.790625
28 -3.902167 -0.532796 9.001000 0.610943 0.714896 -0.340106 0.821875 0.793750
28 -4.785574 -0.526706 9.273140 -0.538842 0.838654 -0.079422 0.821875 0.790625
img1.png
28 -4.785574 -0.526706 9.273140 -0.538842 0.838654 -0.079422 0.818750 0.790625
28 -4.335519 -2.947384 6.698750 0.169482 0.650960 -0.739951 0.821875 0.793750
28 -5.514646 -3.056247 7.210186 -0.966261 0.253739 0.044221 0.821875 0.790625
img1.png
28 -3.902167 -0.532796 9.001000 0.610943 0.714896 -0.340106 0.818750 0.787500
28 -4.335519 -2.947384 6.698750 0.169482 0.650960 -0.739951 0.821875 0.793750
28 -4.785574 -0.526706 9.273140 -0.538842 0.838654 -0.079422 0.818750 0.790625
img1.png
30 -1.783351 -2.553458 9.741449 0.073068 -0.970511 -0.229718 0.915625 0.687500
30 -1.250380 -2.214426 10.334270 0.880287 -0.433695 0.192365 0.915625 0.684375
30 -2.003125 -2.196843 10.740408 0.008533 -0.333571 0.942686 0.918750 0.687500
img1.png
30 -2.003125 -2.196843 10.740408 0.008533 -0.333571 0.942686 0.918750 0.687500
30 -1.250380 -2.214426 10.334270 0.880287 -0.433695 0.192365 0.915625 0.684375
30 -1.355905 -1.365958 10.472141 0.767737 0.598243 0.229532 0.915625 0.687500
img1.png
30 -3.919352 -0.075332 9.846655 -0.106554 0.876418 0.469615 0.912500 0.681250
30 -2.003125 -2.196843 10.740408 0.008533 -0.333571 0.942686 0.918750 0.687500
30 -1.355905 -1.365958 10.472141 0.767737 0.598243 0.229532 0.915625 0.687500
img1.png
30 -4.463115 -0.930881 10.103535 -0.789627 -0.296353 0.537274 0.915625 0.681250
30 -1.783351 -2.553458 9.741449 0.073068 -0.970511 -0.229718 0.915625 0.687500
30 -2.003125 -2.196843 10.740408 0.008533 -0.333571 0.942686 0.918750 0.687500
img1.png
30 -4.463115 -0.930881 10.103535 -0.789627 -0.296353 0.537274 0.915625 0.681250
30 -2.003125 -2.196843 10.740408 0.008533 -0.333571 0.942686 0.918750 0.687500
30 -3.919352 -0.075332 9.846655 -0.106554 0.876418 0.469615 0.912500 0.681250
img1.png
30 -4.345830 -1.260032 9.117663 -0.453486 -0.348817 -0.820169 0.912500 0.681250
30 -1.783351 -2.553458 9.741449 0.073068 -0.970511 -0.229718 0.915625 0.687500
30 -4.463115 -0.930881 10.103535 -0.789627 -0.296353 0.537274 0.915625 0.681250
img1.png
30 -1.420723 -1.825002 9.817448 0.647636 0.061006 -0.759504 0.915625 0.690625
30 -1.250380 -2.214426 10.334270 0.880287 -0.433695 0.192365 0.915625 0.684375
30 -1.783351 -2.553458 9.741449 0.073068 -0.970511 -0.229718 0.915625 0.687500
img1.png
30 -4.345830 -1.260032 9.117663 -0.453486 -0.348817 -0.820169 0.912500 0.681250
30 -1.420723 -1.825002 9.817448 0.647636 0.061006 -0.759504 0.915625 0.690625
30 -1.783351 -2.553458 9.741449 0.073068 -0.970511 -0.229718 0.915625 0.687500
img1.png
30 -1.250380 -2.214426 10.334270 0.880287 -0.433695 0.192365 0.915625 0.684375
30 -1.420723 -1.825002 9.817448 0.647636 0.061006 -0.759504 0.915625 0.690625
30 -1.355905 -1.365958 10.472141 0.767737 0.598243 0.229532 0.915625 0.687500
img1.png
30 -1.420723 -1.825002 9.817448 0.647636 0.061006 -0.759504 0.915625 0.690625
30 -3.886307 -0.479469 9.032168 0.180637 0.572795 -0.799548 0.915625 0.693750
30 -1.355905 -1.365958 10.472141 0.767737 0.598243 0.229532 0.915625 0.687500
img1.png
30 -3.886307 -0.479469 9.032168 0.180637 0.572795 -0.799548 0.915625 0.693750
30 -1.420723 -1.825002 9.817448 0.647636 0.061006 -0.759504 0.915625 0.690625
30 -4.345830 -1.260032 9.117663 -0.453486 -0.348817 -0.820169 0.912500 0.681250
img1.png
30 -1.355905 -1.365958 10.472141 0.767737 0.598243 0.229532 0.915625 0.687500
30 -3.886307 -0.479469 9.032168 0.180637 0.572795 -0.799548 0.915625 0.693750
30 -3.919352 -0.075332 9.846655 -0.106554 0.876418 0.469615 0.912500 0.681250
img1.png
30 -3.886307 -0.479469 9.032168 0.180637 0.572795 -0.799548 0.915625 0.693750
30 -4.543715 -0.361336 9.362570 -0.786434 0.523257 -0.328213 0.918750 0.681250
30 -3.919352 -0.075332 9.846655 -0.106554 0.876418 0.469615 0.912500 0.681250
img1.png
30 -4.463115 -0.930881 10.103535 -0.789627 -0.296353 0.537274 0.915625 0.681250
30 -4.543715 -0.361336 9.362570 -0.786434 0.523257 -0.328213 0.918750 0.681250
30 -4.345830 -1.260032 9.117663 -0.453486 -0.348817 -0.820169 0.912500 0.681250
img1.png
30 -4.543715 -0.361336 9.362570 -0.786434 0.523257 -0.328213 0.918750 0.681250
30 -4.463115 -0.930881 10.103535 -0.789627 -0.296353 0.537274 0.915625 0.681250
30 -3.919352 -0.075332 9.846655 -0.106554 0.876418 0.469615 0.912500 0.681250
img1.png
30 -4.543715 -0.361336 9.362570 -0.786434 0.523257 -0.328213 0.918750 0.681250
30 -3.886307 -0.479469 9.032168 0.180637 0.572795 -0.799548 0.915625 0.693750
30 -4.345830 -1.260032 9.117663 -0.453486 -0.348817 -0.820169 0.912500 0.681250
img1.png
34 4.068477 -0.522223 9.658643 -0.206317 0.812130 0.545782 0.810268 0.808036
34 3.486064 -1.084962 9.614576 -0.929430 0.206432 0.305851 0.810268 0.808036
34 4.422855 -1.137205 9.994110 0.068663 -0.097454 0.992869 0.812500 0.805804
img1.png
34 4.785574 -0.526706 9.273140 0.726319 0.651185 0.220042 0.810268 0.808036
34 5.120605 -3.822353 8.181596 0.667806 -0.297868 0.682136 0.810268 0.808036
34 5.514646 -3.056247 7.210186 0.670326 0.586877 -0.454134 0.812500 0.805804
img1.png
34 4.422855 -1.137205 9.994110 0.068663 -0.097454 0.992869 0.810268 0.808036
34 5.120605 -3.822353 8.181596 0.667806 -0.297868 0.682136 0.810268 0.808036
34 4.785574 -0.526706 9.273140 0.726319 0.651185 0.220042 0.810268 0.808036
img1.png
34 4.068477 -0.522223 9.658643 -0.206317 0.812130 0.545782 0.810268 0.808036
34 4.422855 -1.137205 9.994110 0.068663 -0.097454 0.992869 0.810268 0.808036
34 4.785574 -0.526706 9.273140 0.726319 0.651185 0.220042 0.812500 0.805804
img1.png
34 3.486064 -1.084962 9.614576 -0.929430 0.206432 0.305851 0.810268 0.808036
34 3.923367 -3.729934 7.634393 -0.724967 -0.481088 0.492928 0.810268 0.808036
34 4.422855 -1.137205 9.994110 0.068663 -0.097454 0.992869 0.810268 0.808036
img1.png
34 4.422855 -1.137205 9.994110 0.068663 -0.097454 0.992869 0.810268 0.808036
34 3.923367 -3.729934 7.634393 -0.724967 -0.481088 0.492928 0.810268 0.808036
34 5.120605 -3.822353 8.181596 0.667806 -0.297868 0.682136 0.812500 0.805804
img1.png
34 3.486064 -1.084962 9.614576 -0.929430 0.206432 0.305851 0.810268 0.808036
34 4.335519 -2.947384 6.698750 -0.655980 0.441550 -0.612147 0.810268 0.808036
34 3.923367 -3.729934 7.634393 -0.724967 -0.481088 0.492928 0.812500 0.805804
img1.png
34 3.902167 -0.532796 9.001000 -0.269579 0.861756 -0.429772 0.810268 0.808036
34 4.335519 -2.947384 6.698750 -0.655980 0.441550 -0.612147 0.810268 0.808036
34 3.486064 -1.084962 9.614576 -0.929430 0.206432 0.305851 0.810268 0.808036
img1.png
34 3.902167 -0.532796 9.001000 -0.269579 0.861756 -0.429772 0.810268 0.808036
34 4.068477 -0.522223 9.658643 -0.206317 0.812130 0.545782 0.810268 0.808036
34 4.785574 -0.526706 9.273140 0.726319 0.651185 0.220042 0.812500 0.805804
img1.png
34 4.068477 -0.522223 9.658643 -0.206317 0.812130 0.545782 0.810268 0.808036
34 3.902167 -0.532796 9.001000 -0.269579 0.861756 -0.429772 0.810268 0.808036
34 3.486064 -1.084962 9.614576 -0.929430 0.206432 0.305851 0.812500 0.805804
img1.png
34 4.198213 -2.621217 6.805161 -0.592767 0.678547 -0.433821 0.667411 0.107143
34 4.501304 -2.425067 8.265910 -0.147254 0.791968 0.592539 0.665179 0.098214
34 5.730488 -2.728769 7.425752 0.650433 0.751153 -0.112719 0.667411 0.098214
img1.png
34 4.389875 -3.535650 6.039105 -0.054680 0.100009 -0.993483 0.669643 0.104911
34 5.988409 -3.568170 6.794144 0.957518 -0.178374 -0.226588 0.665179 0.098214
34 4.991319 -4.489163 6.752383 0.236122 -0.840774 -0.487182 0.667411 0.107143
img1.png
34 4.198213 -2.621217 6.805161 -0.592767 0.678547 -0.433821 0.669643 0.104911
34 3.697948 -4.523778 7.413424 -0.734822 -0.644476 -0.211394 0.665179 0.098214
34 3.504749 -3.675223 8.016529 -0.749931 -0.112337 0.651908 0.667411 0.107143
img1.png
34 4.389875 -3.535650 6.039105 -0.054680 0.100009 -0.993483 0.667411 0.098214
34 3.697948 -4.523778 7.413424 -0.734822 -0.644476 -0.211394 0.665179 0.098214
34 4.198213 -2.621217 6.805161 -0.592767 0.678547 -0.433821 0.669643 0.104911
img1.png
34 4.501304 -2.425067 8.265910 -0.147254 0.791968 0.592539 0.669643 0.104911
34 4.198213 -2.621217 6.805161 -0.592767 0.678547 -0.433821 0.665179 0.098214
34 3.504749 -3.675223 8.016529 -0.749931 -0.112337 0.651908 0.667411 0.107143
img1.png
34 5.514646 -3.056247 7.210186 0.670326 0.586877 -0.454134 0.810268 0.808036
34 3.902167 -0.532796 9.001000 -0.269579 0.861756 -0.429772 0.810268 0.808036
34 4.785574 -0.526706 9.273140 0.726319 0.651185 0.220042 0.812500 0.805804
img1.png
34 4.335519 -2.947384 6.698750 -0.655980 0.441550 -0.612147 0.810268 0.808036
34 3.902167 -0.532796 9.001000 -0.269579 0.861756 -0.429772 0.810268 0.808036
34 5.514646 -3.056247 7.210186 0.670326 0.586877 -0.454134 0.810268 0.808036
img1.png
34 5.730488 -2.728769 7.425752 0.650433 0.751153 -0.112719 0.667411 0.098214
34 4.389875 -3.535650 6.039105 -0.054680 0.100009 -0.993483 0.665179 0.098214
34 4.198213 -2.621217 6.805161 -0.592767 0.678547 -0.433821 0.667411 0.107143
img1.png
34 3.697948 -4.523778 7.413424 -0.734822 -0.644476 -0.211394 0.669643 0.104911
34 4.389875 -3.535650 6.039105 -0.054680 0.100009 -0.993483 0.665179 0.098214
34 4.991319 -4.489163 6.752383 0.236122 -0.840774 -0.487182 0.667411 0.107143
img1.png
34 5.988409 -3.568170 6.794144 0.957518 -0.178374 -0.226588 0.669643 0.104911
34 4.389875 -3.535650 6.039105 -0.054680 0.100009 -0.993483 0.665179 0.098214
34 5.730488 -2.728769 7.425752 0.650433 0.751153 -0.112719 0.667411 0.098214
img1.png
36 1.250380 -2.214426 10.334270 -0.880287 -0.433695 0.192365 0.881250 0.687500
36 1.783351 -2.553458 9.741449 -0.289529 -0.745822 -0.599936 0.884375 0.690625
36 2.003125 -2.196843 10.740408 0.109459 -0.665745 0.738107 0.890625 0.681250
img1.png
36 1.250380 -2.214426 10.334270 -0.880287 -0.433695 0.192365 0.881250 0.687500
36 2.003125 -2.196843 10.740408 0.109459 -0.665745 0.738107 0.890625 0.681250
36 1.355905 -1.365958 10.472141 -0.585849 0.471211 0.659349 0.884375 0.690625
img1.png
36 2.003125 -2.196843 10.740408 0.109459 -0.665745 0.738107 0.890625 0.681250
36 4.463115 -0.930881 10.103535 0.664929 0.055320 0.744855 0.887500 0.681250
36 1.355905 -1.365958 10.472141 -0.585849 0.471211 0.659349 0.884375 0.690625
img1.png
36 1.355905 -1.365958 10.472141 -0.585849 0.471211 0.659349 0.884375 0.690625
36 4.463115 -0.930881 10.103535 0.664929 0.055320 0.744855 0.887500 0.681250
36 3.917804 -0.074160 9.843846 -0.028342 0.999296 0.024564 0.884375 0.684375
img1.png
36 2.003125 -2.196843 10.740408 0.109459 -0.665745 0.738107 0.890625 0.681250
36 4.345830 -1.260032 9.117663 0.686410 -0.579515 -0.439322 0.884375 0.684375
36 4.463115 -0.930881 10.103535 0.664929 0.055320 0.744855 0.887500 0.681250
img1.png
36 1.783351 -2.553458 9.741449 -0.289529 -0.745822 -0.599936 0.884375 0.690625
36 4.345830 -1.260032 9.117663 0.686410 -0.579515 -0.439322 0.884375 0.684375
36 2.003125 -2.196843 10.740408 0.109459 -0.665745 0.738107 0.890625 0.681250
img1.png
36 1.783351 -2.553458 9.741449 -0.289529 -0.745822 -0.599936 0.884375 0.690625
36 3.886307 -0.479469 9.032168 -0.075511 0.403563 -0.911831 0.887500 0.693750
36 4.345830 -1.260032 9.117663 0.686410 -0.579515 -0.439322 0.884375 0.684375
img1.png
36 3.886307 -0.479469 9.032168 -0.075511 0.403563 -0.911831 0.887500 0.693750
36 1.420723 -1.825002 9.817448 -0.730516 0.295334 -0.615731 0.884375 0.684375
36 3.917804 -0.074160 9.843846 -0.028342 0.999296 0.024564 0.884375 0.684375
img1.png
36 1.420723 -1.825002 9.817448 -0.730516 0.295334 -0.615731 0.884375 0.684375
36 3.886307 -0.479469 9.032168 -0.075511 0.403563 -0.911831 0.887500 0.693750
36 1.783351 -2.553458 9.741449 -0.289529 -0.745822 -0.599936 0.884375 0.690625
img1.png
36 1.420723 -1.825002 9.817448 -0.730516 0.295334 -0.615731 0.884375 0.684375
36 1.250380 -2.214426 10.334270 -0.880287 -0.433695 0.192365 0.881250 0.687500
36 1.355905 -1.365958 10.472141 -0.585849 0.471211 0.659349 0.884375 0.690625
img1.png
36 1.250380 -2.214426 10.334270 -0.880287 -0.433695 0.192365 0.881250 0.687500
36 1.420723 -1.825002 9.817448 -0.730516 0.295334 -0.615731 0.884375 0.684375
36 1.783351 -2.553458 9.741449 -0.289529 -0.745822 -0.599936 0.884375 0.690625
img1.png
36 3.917804 -0.074160 9.843846 -0.028342 0.999296 0.024564 0.884375 0.684375
36 1.420723 -1.825002 9.817448 -0.730516 0.295334 -0.615731 0.884375 0.684375
36 1.355905 -1.365958 10.472141 -0.585849 0.471211 0.659349 0.884375 0.690625
img1.png
36 4.463115 -0.930881 10.103535 0.664929 0.055320 0.744855 0.887500 0.681250
36 4.542574 -0.434037 9.399304 0.811185 0.497173 -0.307892 0.884375 0.684375
36 3.917804 -0.074160 9.843846 -0.028342 0.999296 0.024564 0.884375 0.684375
img1.png
36 4.542574 -0.434037 9.399304 0.811185 0.497173 -0.307892 0.884375 0.684375
36 4.463115 -0.930881 10.103535 0.664929 0.055320 0.744855 0.887500 0.681250
36 4.345830 -1.260032 9.117663 0.686410 -0.579515 -0.439322 0.884375 0.684375
img1.png
36 4.542574 -0.434037 9.399304 0.811185 0.497173 -0.307892 0.884375 0.684375
36 3.886307 -0.479469 9.032168 -0.075511 0.403563 -0.911831 0.887500 0.693750
36 3.917804 -0.074160 9.843846 -0.028342 0.999296 0.024564 0.884375 0.684375
img1.png
36 3.886307 -0.479469 9.032168 -0.075511 0.403563 -0.911831 0.887500 0.693750
36 4.542574 -0.434037 9.399304 0.811185 0.497173 -0.307892 0.884375 0.684375
36 4.345830 -1.260032 9.117663 0.686410 -0.579515 -0.439322 0.884375 0.684375
img1.png
38 0.000000 0.432425 5.942047 -0.000840 0.457023 -0.889454 0.469664 0.548255
38 1.646077 -0.150370 6.163151 0.839348 0.012934 -0.543440 0.468750 0.534375
38 0.000000 -0.883503 6.162745 0.101560 -0.660455 -0.743965 0.469664 0.543788
img1.png
38 0.000000 -0.883503 6.162745 0.101560 -0.660455 -0.743965 0.468750 0.534375
38 1.523134 -0.869713 7.715926 0.803156 -0.485414 -0.345418 0.467167 0.534307
38 0.000000 -1.517371 7.400043 -0.059324 -0.791702 -0.608021 0.469569 0.534375
img1.png
38 1.646077 -0.150370 6.163151 0.839348 0.012934 -0.543440 0.467215 0.547282
38 1.523134 -0.869713 7.715926 0.803156 -0.485414 -0.345418 0.467167 0.534307
38 0.000000 -0.883503 6.162745 0.101560 -0.660455 -0.743965 0.468750 0.534375
img1.png
38 1.850983 -1.822203 8.858616 0.835206 -0.428386 -0.344843 0.018183 0.699557
38 0.000000 -1.517371 7.400043 -0.059324 -0.791702 -0.608021 0.478125 0.408654
38 1.523134 -0.869713 7.715926 0.803156 -0.485414 -0.345418 0.008242 0.408489
img1.png
38 0.000000 0.432425 5.942047 -0.000840 0.457023 -0.889454 0.471439 0.546420
38 1.369454 0.622552 6.790907 0.476179 0.851463 -0.219692 0.468750 0.534375
38 1.646077 -0.150370 6.163151 0.839348 0.012934 -0.543440 0.471880 0.541005
img1.png
38 1.646077 -0.150370 6.163151 0.839348 0.012934 -0.543440 0.468750 0.534375
38 1.263586 0.343773 8.258388 0.869530 0.481713 0.108945 0.471289 0.531961
38 1.523134 -0.869713 7.715926 0.803156 -0.485414 -0.345418 0.471900 0.531961
img1.png
38 1.369454 0.622552 6.790907 0.476179 0.851463 -0.219692 0.471323 0.544247
38 1.263586 0.343773 8.258388 0.869530 0.481713 0.108945 0.471289 0.531961
38 1.646077 -0.150370 6.163151 0.839348 0.012934 -0.543440 0.468750 0.534375
img1.png
38 0.000000 0.851365 8.619946 0.121782 0.962108 0.243963 0.515625 0.376562
38 1.550454 -0.288588 9.648405 0.781793 0.555644 0.282950 0.854688 0.681250
38 1.263586 0.343773 8.258388 0.869530 0.481713 0.108945 0.881250 0.379687
img1.png
38 0.000000 0.281439 9.991019 -0.004415 0.858672 0.512507 0.504687 0.675000
38 1.550454 -0.288588 9.648405 0.781793 0.555644 0.282950 0.854688 0.681250
38 0.000000 0.851365 8.619946 0.121782 0.962108 0.243963 0.515625 0.376562
img1.png
38 0.000000 0.810582 6.343066 0.000000 0.887717 -0.460389 0.469275 0.540349
38 1.369454 0.622552 6.790907 0.476179 0.851463 -0.219692 0.471294 0.541005
38 0.000000 0.432425 5.942047 -0.000840 0.457023 -0.889454 0.469799 0.546324
img1.png
38 1.369454 0.622552 6.790907 0.476179 0.851463 -0.219692 0.468750 0.534375
38 0.000000 0.851365 8.619946 0.121782 0.962108 0.243963 0.469799 0.531961
38 1.263586 0.343773 8.258388 0.869530 0.481713 0.108945 0.471280 0.531961
img1.png
38 0.000000 0.970758 7.097525 -0.086436 0.996175 -0.012824 0.469800 0.544385
38 0.000000 0.851365 8.619946 0.121782 0.962108 0.243963 0.469799 0.531961
38 1.369454 0.622552 6.790907 0.476179 0.851463 -0.219692 0.468750 0.534375
img1.png
38 0.000000 0.432425 5.942047 -0.000840 0.457023 -0.889454 0.471439 0.546420
38 -1.622172 -0.150370 6.163151 -0.658058 -0.293543 -0.693391 0.468750 0.534375
38 -1.369454 0.622552 6.790907 -0.631922 0.742344 -0.222712 0.471323 0.540936
img1.png
38 -1.523134 -0.869713 7.715926 -0.972859 -0.130785 -0.190896 0.471890 0.531892
38 -1.369454 0.622552 6.790907 -0.631922 0.742344 -0.222712 0.468750 0.534375
38 -1.622172 -0.150370 6.163151 -0.658058 -0.293543 -0.693391 0.471880 0.544385
img1.png
38 -1.263586 0.343773 8.258388 -0.644985 0.743365 0.177207 0.471291 0.531823
38 -1.369454 0.622552 6.790907 -0.631922 0.742344 -0.222712 0.468750 0.534375
38 -1.523134 -0.869713 7.715926 -0.972859 -0.130785 -0.190896 0.471890 0.531892
img1.png
38 -1.762190 -2.300949 10.182969 -0.714048 -0.692092 0.105561 0.268750 0.075000
38 0.000000 -3.052969 9.816185 0.098353 -0.985594 -0.137591 0.012500 0.053125
38 0.000000 -2.901127 11.429099 0.000000 -0.550173 0.835051 0.040625 0.200000
img1.png
38 0.000000 0.432425 5.942047 -0.000840 0.457023 -0.889454 0.469664 0.548255
38 0.000000 -0.883503 6.162745 0.101560 -0.660455 -0.743965 0.468750 0.534375
38 -1.622172 -0.150370 6.163151 -0.658058 -0.293543 -0.693391 0.467544 0.542937
img1.png
38 0.000000 -1.517371 7.400043 -0.059324 -0.791702 -0.608021 0.469569 0.534375
38 -1.622172 -0.150370 6.163151 -0.658058 -0.293543 -0.693391 0.468750 0.534375
38 0.000000 -0.883503 6.162745 0.101560 -0.660455 -0.743965 0.469569 0.548134
img1.png
38 -1.523134 -0.869713 7.715926 -0.972859 -0.130785 -0.190896 0.467157 0.534375
38 -1.622172 -0.150370 6.163151 -0.658058 -0.293543 -0.693391 0.468750 0.534375
38 0.000000 -1.517371 7.400043 -0.059324 -0.791702 -0.608021 0.469569 0.534375
img1.png
38 1.762190 -2.300949 10.182969 0.860564 -0.459501 0.219747 0.268750 0.075000
38 1.437756 -1.292054 10.887820 0.622419 0.308308 0.719403 0.240625 0.371875
38 0.000000 -2.901127 11.429099 0.000000 -0.550173 0.835051 0.040625 0.200000
img1.png
38 0.000000 -3.052969 9.816185 0.098353 -0.985594 -0.137591 0.012500 0.053125
38 1.762190 -2.300949 10.182969 0.860564 -0.459501 0.219747 0.268750 0.075000
38 0.000000 -2.901127 11.429099 0.000000 -0.550173 0.835051 0.040625 0.200000
img1.png
38 -1.523134 -0.869713 7.715926 -0.972859 -0.130785 -0.190896 0.025152 0.413300
38 -1.550454 -0.288588 9.648405 -0.786511 0.546602 0.287449 0.008458 0.714108
38 -1.263586 0.343773 8.258388 -0.644985 0.743365 0.177207 0.009766 0.437500
img1.png
38 -1.850983 -1.822203 8.858616 -0.896127 -0.334425 -0.291748 0.026638 0.701963
38 -1.550454 -0.288588 9.648405 -0.786511 0.546602 0.287449 0.008458 0.714108
38 -1.523134 -0.869713 7.715926 -0.972859 -0.130785 -0.190896 0.025152 0.413300
img1.png
38 0.000000 0.810582 6.343066 0.000000 0.887717 -0.460389 0.469537 0.539348
38 -1.369454 0.622552 6.790907 -0.631922 0.742344 -0.222712 0.471287 0.541005
38 0.000000 0.970758 7.097525 -0.086436 0.996175 -0.012824 0.469800 0.541005
img1.png
38 1.369454 0.622552 6.790907 0.476179 0.851463 -0.219692 0.471294 0.541005
38 0.000000 0.810582 6.343066 0.000000 0.887717 -0.460389 0.469275 0.540349
38 0.000000 0.970758 7.097525 -0.086436 0.996175 -0.012824 0.468750 0.534375
img1.png
38 -1.263586 0.343773 8.258388 -0.644985 0.743365 0.177207 0.471289 0.531961
38 0.000000 0.970758 7.097525 -0.086436 0.996175 -0.012824 0.468750 0.534375
38 -1.369454 0.622552 6.790907 -0.631922 0.742344 -0.222712 0.471287 0.544385
img1.png
38 0.000000 0.851365 8.619946 0.121782 0.962108 0.243963 0.469799 0.531961
38 0.000000 0.970758 7.097525 -0.086436 0.996175 -0.012824 0.468750 0.534375
38 -1.263586 0.343773 8.258388 -0.644985 0.743365 0.177207 0.471289 0.531961
img1.png
38 -1.437756 -1.292054 10.887820 -0.769683 0.180745 0.612307 0.240625 0.371875
38 -1.762190 -2.300949 10.182969 -0.714048 -0.692092 0.105561 0.268750 0.075000
38 0.000000 -2.901127 11.429099 0.000000 -0.550173 0.835051 0.040625 0.200000
img1.png
38 1.437756 -1.292054 10.887820 0.622419 0.308308 0.719403 0.240625 0.371875
38 0.000000 -0.785658 11.282992 -0.090304 0.517712 0.850776 0.065625 0.368750
38 0.000000 -2.901127 11.429099 0.000000 -0.550173 0.835051 0.040625 0.200000
img1.png
38 0.000000 -0.785658 11.282992 -0.090304 0.517712 0.850776 0.065625 0.368750
38 -1.437756 -1.292054 10.887820 -0.769683 0.180745 0.612307 0.240625 0.371875
38 0.000000 -2.901127 11.429099 0.000000 -0.550173 0.835051 0.040625 0.200000
img1.png
38 -1.263586 0.343773 8.258388 -0.644985 0.743365 0.177207 0.881250 0.379687
38 0.000000 0.281439 9.991019 -0.004415 0.858672 0.512507 0.504687 0.675000
38 0.000000 0.851365 8.619946 0.121782 0.962108 0.243963 0.515625 0.376562
img1.png
38 -1.550454 -0.288588 9.648405 -0.786511 0.546602 0.287449 0.854688 0.681250
38 0.000000 0.281439 9.991019 -0.004415 0.858672 0.512507 0.504687 0.675000
38 -1.263586 0.343773 8.258388 -0.644985 0.743365 0.177207 0.881250 0.379687
img1.png
38 1.762190 -2.300949 10.182969 0.860564 -0.459501 0.219747 0.028125 0.990625
38 1.550454 -0.288588 9.648405 0.781793 0.555644 0.282950 0.009266 0.714146
38 1.437756 -1.292054 10.887820 0.622419 0.308308 0.719403 0.008766 0.990793
img1.png
38 1.850983 -1.822203 8.858616 0.835206 -0.428386 -0.344843 0.026534 0.702067
38 1.550454 -0.288588 9.648405 0.781793 0.555644 0.282950 0.009266 0.714146
38 1.762190 -2.300949 10.182969 0.860564 -0.459501 0.219747 0.028125 0.990625
img1.png
38 0.000000 -1.517371 7.400043 -0.059324 -0.791702 -0.608021 0.478125 0.408654
38 1.850983 -1.822203 8.858616 0.835206 -0.428386 -0.344843 0.018183 0.699557
38 0.000000 -2.650959 8.454404 -0.097049 -0.870374 -0.482732 0.463021 0.693910
img1.png
38 0.000000 -3.052969 9.816185 0.098353 -0.985594 -0.137591 0.447917 0.979167
38 1.850983 -1.822203 8.858616 0.835206 -0.428386 -0.344843 0.018183 0.699557
38 1.762190 -2.300949 10.182969 0.860564 -0.459501 0.219747 0.028125 0.990625
img1.png
38 0.000000 -2.650959 8.454404 -0.097049 -0.870374 -0.482732 0.463021 0.693910
38 1.850983 -1.822203 8.858616 0.835206 -0.428386 -0.344843 0.018183 0.699557
38 0.000000 -3.052969 9.816185 0.098353 -0.985594 -0.137591 0.447917 0.979167
img1.png
38 -1.762190 -2.300949 10.182969 -0.714048 -0.692092 0.105561 0.028125 0.990625
38 0.000000 -2.650959 8.454404 -0.097049 -0.870374 -0.482732 0.463021 0.693910
38 0.000000 -3.052969 9.816185 0.098353 -0.985594 -0.137591 0.447917 0.979167
img1.png
38 -1.850983 -1.822203 8.858616 -0.896127 -0.334425 -0.291748 0.018044 0.699662
38 0.000000 -1.517371 7.400043 -0.059324 -0.791702 -0.608021 0.478125 0.408654
38 0.000000 -2.650959 8.454404 -0.097049 -0.870374 -0.482732 0.463021 0.693910
img1.png
38 -1.850983 -1.822203 8.858616 -0.896127 -0.334425 -0.291748 0.018044 0.699662
38 0.000000 -2.650959 8.454404 -0.097049 -0.870374 -0.482732 0.463021 0.693910
38 -1.762190 -2.300949 10.182969 -0.714048 -0.692092 0.105561 0.028125 0.990625
img1.png
38 0.000000 -1.517371 7.400043 -0.059324 -0.791702 -0.608021 0.478125 0.408654
38 -1.850983 -1.822203 8.858616 -0.896127 -0.334425 -0.291748 0.018044 0.699662
38 -1.523134 -0.869713 7.715926 -0.972859 -0.130785 -0.190896 0.007963 0.408698
img1.png
38 -1.437756 -1.292054 10.887820 -0.769683 0.180745 0.612307 0.007151 0.990717
38 -1.850983 -1.822203 8.858616 -0.896127 -0.334425 -0.291748 0.026638 0.701963
38 -1.762190 -2.300949 10.182969 -0.714048 -0.692092 0.105561 0.028125 0.990625
img1.png
38 -1.550454 -0.288588 9.648405 -0.786511 0.546602 0.287449 0.008458 0.714108
38 -1.850983 -1.822203 8.858616 -0.896127 -0.334425 -0.291748 0.026638 0.701963
38 -1.437756 -1.292054 10.887820 -0.769683 0.180745 0.612307 0.007151 0.990717
img1.png
38 0.000000 0.281439 9.991019 -0.004415 0.858672 0.512507 0.504687 0.675000
38 -1.550454 -0.288588 9.648405 -0.786511 0.546602 0.287449 0.854688 0.681250
38 0.000000 -0.785658 11.282992 -0.090304 0.517712 0.850776 0.493750 0.984375
img1.png
38 0.000000 -0.785658 11.282992 -0.090304 0.517712 0.850776 0.493750 0.984375
38 -1.550454 -0.288588 9.648405 -0.786511 0.546602 0.287449 0.854688 0.681250
38 -1.437756 -1.292054 10.887820 -0.769683 0.180745 0.612307 0.828125 0.993750
img1.png
38 1.550454 -0.288588 9.648405 0.781793 0.555644 0.282950 0.854688 0.681250
38 0.000000 0.281439 9.991019 -0.004415 0.858672 0.512507 0.504687 0.675000
38 1.437756 -1.292054 10.887820 0.622419 0.308308 0.719403 0.828125 0.993750
img1.png
38 1.437756 -1.292054 10.887820 0.622419 0.308308 0.719403 0.828125 0.993750
38 0.000000 0.281439 9.991019 -0.004415 0.858672 0.512507 0.504687 0.675000
38 0.000000 -0.785658 11.282992 -0.090304 0.517712 0.850776 0.493750 0.984375
img1.png
38 1.550454 -0.288588 9.648405 0.781793 0.555644 0.282950 0.009266 0.714146
38 1.850983 -1.822203 8.858616 0.835206 -0.428386 -0.344843 0.026534 0.702067
38 1.263586 0.343773 8.258388 0.869530 0.481713 0.108945 0.009766 0.437500
img1.png
38 1.263586 0.343773 8.258388 0.869530 0.481713 0.108945 0.009766 0.437500
38 1.850983 -1.822203 8.858616 0.835206 -0.428386 -0.344843 0.026534 0.702067
38 1.523134 -0.869713 7.715926 0.803156 -0.485414 -0.345418 0.024943 0.413509
img1.png
38 -1.369454 0.622552 6.790907 -0.631922 0.742344 -0.222712 0.471287 0.541005
38 0.000000 0.810582 6.343066 0.000000 0.887717 -0.460389 0.469537 0.539348
38 0.000000 0.432425 5.942047 -0.000840 0.457023 -0.889454 0.468750 0.534375
img2.png
3 -1.219190 -1.313520 11.410120 -0.567522 0.752960 -0.333123 0.809759 0.038764
3 -0.990378 -2.315350 10.987200 -0.353190 0.294234 -0.888078 0.811270 0.028817
3 -1.263586 -2.428633 11.570258 -0.822861 0.112742 0.556946 0.809470 0.035216
img2.png
3 -0.389321 -2.040117 11.447234 0.633310 0.735603 0.240429 0.815250 0.035216
3 -1.219190 -1.313520 11.410120 -0.567522 0.752960 -0.333123 0.809759 0.038764
3 -1.263586 -2.428633 11.570258 -0.822861 0.112742 0.556946 0.809470 0.035216
img2.png
3 -1.219190 -1.313520 11.410120 -0.567522 0.752960 -0.333123 0.809759 0.038764
3 -0.389321 -2.040117 11.447234 0.633310 0.735603 0.240429 0.815250 0.035216
3 -0.990378 -2.315350 10.987200 -0.353190 0.294234 -0.888078 0.811270 0.028817
img2.png
3 -0.362000 -1.204860 11.152611 -0.197015 0.857334 -0.475567 0.815421 0.038764
3 -0.300528 -2.042188 10.879088 -0.088210 0.303446 -0.948757 0.815834 0.028817
3 -0.761567 -2.131790 11.409141 -0.827086 0.449807 0.337050 0.812774 0.035216
img2.png
3 -0.362000 -1.204860 11.152611 -0.197015 0.857334 -0.475567 0.818211 0.044344
3 0.249302 -1.951231 11.396514 0.696556 0.661396 0.278146 0.820050 0.040796
3 -0.300528 -2.042188 10.879088 -0.088210 0.303446 -0.948757 0.816392 0.034398
img2.png
3 0.249302 -1.951231 11.396514 0.696556 0.661396 0.278146 0.820050 0.040796
3 -0.362000 -1.204860 11.152611 -0.197015 0.857334 -0.475567 0.818211 0.044344
3 -0.761567 -2.131790 11.409141 -0.827086 0.449807 0.337050 0.813332 0.040796
img2.png
3 1.284077 -1.265825 11.406785 0.565677 0.754637 -0.332464 0.826321 0.038764
3 1.055265 -2.267655 10.983865 0.352173 0.294587 -0.888365 0.824809 0.028817
3 0.454208 -1.995829 11.444138 -0.634839 0.734026 0.241214 0.820830 0.035216
img2.png
3 1.284077 -1.265825 11.406785 0.565677 0.754637 -0.332464 0.826321 0.038764
3 1.328473 -2.380938 11.566923 0.822783 0.112755 0.557059 0.826610 0.035216
3 1.055265 -2.267655 10.983865 0.352173 0.294587 -0.888365 0.824809 0.028817
img2.png
3 1.328473 -2.380938 11.566923 0.822783 0.112755 0.557059 0.826610 0.035216
3 1.284077 -1.265825 11.406785 0.565677 0.754637 -0.332464 0.826321 0.038764
3 0.454208 -1.995829 11.444138 -0.634839 0.734026 0.241214 0.820830 0.035216
img2.png
3 0.382491 -1.191232 11.151657 0.134712 0.864729 -0.483835 0.823142 0.044344
3 0.338095 -2.031967 10.878374 0.059792 0.305721 -0.950242 0.820627 0.034398
3 -0.201491 -1.968265 11.397705 -0.720273 0.631929 0.286134 0.817047 0.040796
img2.png
3 0.382491 -1.191232 11.151657 0.134712 0.864729 -0.483835 0.820352 0.038764
3 0.819624 -2.094315 11.406520 0.811920 0.484787 0.325219 0.823244 0.035216
3 0.338095 -2.031967 10.878374 0.059792 0.305721 -0.950242 0.820069 0.028817
img2.png
3 0.819624 -2.094315 11.406520 0.811920 0.484787 0.325219 0.823802 0.040796
3 0.382491 -1.191232 11.151657 0.134712 0.864729 -0.483835 0.823142 0.044344
3 -0.201491 -1.968265 11.397705 -0.720273 0.631929 0.286134 0.817047 0.040796
img2.png
3 1.396775 -3.813291 13.163125 0.718520 -0.695213 0.020222 0.142205 0.369949
3 1.622172 -2.516761 12.904715 0.963143 0.040812 -0.265876 0.009702 0.005738
3 1.471907 -3.705203 13.289082 0.788502 -0.615025 -0.003123 0.015410 0.369949
img2.png
3 -0.795718 -3.998272 10.272985 -0.496087 0.445313 -0.745382 0.111979 0.451172
3 0.000000 -4.680221 9.577786 0.000000 0.252205 -0.967674 0.141927 0.460937
3 -0.440547 -4.786689 9.670817 -0.708894 -0.302975 -0.636927 0.111979 0.458333
img2.png
3 0.000000 -4.680221 9.577786 0.000000 0.252205 -0.967674 0.141927 0.460937
3 0.000000 -5.179255 9.735926 0.000000 -0.927873 -0.372897 0.141927 0.470703
3 -0.440547 -4.786689 9.670817 -0.708894 -0.302975 -0.636927 0.111979 0.458333
img2.png
3 0.000000 -4.680221 9.577786 0.000000 0.252205 -0.967674 0.141927 0.460937
3 0.440548 -4.786689 9.670817 0.708894 -0.302975 -0.636927 0.166667 0.459635
3 0.000000 -5.179255 9.735926 0.000000 -0.927873 -0.372897 0.141927 0.470703
img2.png
3 0.000000 -4.680221 9.577786 0.000000 0.252205 -0.967674 0.141927 0.460937
3 0.795718 -3.998272 10.272985 0.608697 0.351309 -0.711386 0.167969 0.451823
3 0.440548 -4.786689 9.670817 0.708894 -0.302975 -0.636927 0.166667 0.459635
img2.png
3 -0.795718 -3.998272 10.272985 -0.496087 0.445313 -0.745382 0.111979 0.451172
3 0.795718 -3.998272 10.272985 0.608697 0.351309 -0.711386 0.167969 0.451823
3 0.000000 -4.680221 9.577786 0.000000 0.252205 -0.967674 0.141927 0.460937
img2.png
3 0.000000 -1.711755 11.198326 -0.110419 0.895155 -0.431862 0.628472 0.057292
3 -1.103077 -1.801241 12.464408 -0.643767 0.622520 -0.445008 0.611111 0.055556
3 0.000000 -1.467208 12.002851 -0.016130 0.830951 -0.556112 0.614583 0.057292
img2.png
3 -0.870850 -2.045500 10.978600 -0.460465 0.662327 -0.591012 0.625000 0.057292
3 -1.103077 -1.801241 12.464408 -0.643767 0.622520 -0.445008 0.611111 0.055556
3 0.000000 -1.711755 11.198326 -0.110419 0.895155 -0.431862 0.628472 0.057292
img2.png
3 1.434341 -2.856813 10.881278 0.602759 0.189766 -0.775029 0.170573 0.432292
3 -0.976718 -3.645969 10.611235 -0.704400 -0.067709 -0.706566 0.110677 0.443359
3 -1.434341 -2.856813 10.881278 -0.602432 0.143241 -0.785212 0.109375 0.432292
img2.png
3 0.976718 -3.645969 10.611235 0.729219 0.007382 -0.684240 0.169271 0.442057
3 -0.976718 -3.645969 10.611235 -0.704400 -0.067709 -0.706566 0.110677 0.443359
3 1.434341 -2.856813 10.881278 0.602759 0.189766 -0.775029 0.170573 0.432292
img2.png
3 -0.976718 -3.645969 10.611235 -0.704400 -0.067709 -0.706566 0.110677 0.443359
3 0.976718 -3.645969 10.611235 0.729219 0.007382 -0.684240 0.169271 0.442057
3 -0.795718 -3.998272 10.272985 -0.496087 0.445313 -0.745382 0.111979 0.451172
img2.png
3 -0.795718 -3.998272 10.272985 -0.496087 0.445313 -0.745382 0.111979 0.451172
3 0.976718 -3.645969 10.611235 0.729219 0.007382 -0.684240 0.169271 0.442057
3 0.795718 -3.998272 10.272985 0.608697 0.351309 -0.711386 0.167969 0.451823
img2.png
3 0.000000 -1.467208 12.002851 -0.016130 0.830951 -0.556112 0.628472 0.057292
3 0.870850 -2.045500 10.978600 0.470184 0.653930 -0.592708 0.611111 0.055556
3 0.000000 -1.711755 11.198326 -0.110419 0.895155 -0.431862 0.614583 0.057292
img2.png
3 1.103077 -1.801241 12.464408 0.615320 0.552425 -0.562323 0.625000 0.057292
3 0.870850 -2.045500 10.978600 0.470184 0.653930 -0.592708 0.611111 0.055556
3 0.000000 -1.467208 12.002851 -0.016130 0.830951 -0.556112 0.628472 0.057292
img2.png
3 0.870850 -2.045500 10.978600 0.470184 0.653930 -0.592708 0.200368 0.629596
3 1.482153 -2.692622 11.564754 0.958259 0.254252 -0.130750 0.000000 0.555147
3 1.434341 -2.856813 10.881278 0.602759 0.189766 -0.775029 0.370833 0.472917
img2.png
3 1.533379 -2.638713 12.776304 0.837409 -0.533833 0.117335 0.004735 0.965135
3 1.939776 -2.213173 11.811950 0.847893 -0.511353 0.139980 0.114583 0.830729
3 2.561324 -1.202509 13.487229 0.794795 -0.602957 0.068874 0.238163 0.999034
img2.png
3 1.287492 -2.206907 11.852593 -0.406230 0.775836 -0.482759 0.820860 0.411772
3 1.912455 -2.358282 11.548222 -0.216244 0.621404 -0.753057 0.905390 0.413350
3 1.567530 -3.030227 11.485659 -0.367475 0.271456 -0.889536 0.823275 0.413350
img2.png
3 -1.567530 -3.037279 11.482728 -0.869277 -0.462433 0.174681 0.009943 0.775030
3 -1.939775 -2.213173 11.811950 -0.847894 -0.511353 0.139980 0.114583 0.830729
3 -1.912454 -2.368502 11.548937 -0.865918 -0.464876 0.184595 0.104167 0.791667
img2.png
3 -1.912454 -2.358282 11.548222 0.216244 0.621404 -0.753057 0.820860 0.411772
3 -1.287492 -2.206907 11.852593 0.406230 0.775836 -0.482759 0.905390 0.413350
3 -1.567530 -3.030227 11.485659 0.367475 0.271455 -0.889536 0.823275 0.413350
img2.png
3 0.870850 -2.045500 10.978600 0.470184 0.653930 -0.592708 0.375000 0.056250
3 -0.870850 -2.045500 10.978600 -0.460465 0.662327 -0.591012 0.387500 0.059375
3 0.000000 -1.711755 11.198326 -0.110419 0.895155 -0.431862 0.387500 0.056250
img2.png
3 1.622172 -2.516761 12.904715 0.963143 0.040812 -0.265876 0.614583 0.057292
3 0.870850 -2.045500 10.978600 0.470184 0.653930 -0.592708 0.586857 0.072093
3 1.103077 -1.801241 12.464408 0.615320 0.552425 -0.562323 0.611111 0.055556
img2.png
3 1.482153 -2.692622 11.564754 0.958259 0.254252 -0.130750 0.628472 0.057292
3 0.870850 -2.045500 10.978600 0.470184 0.653930 -0.592708 0.586857 0.072093
3 1.622172 -2.516761 12.904715 0.963143 0.040812 -0.265876 0.614583 0.057292
img2.png
3 -1.482152 -2.692622 11.564754 -0.941290 0.303069 -0.148733 0.000000 0.555147
3 -0.870850 -2.045500 10.978600 -0.460465 0.662327 -0.591012 0.200368 0.629596
3 -1.434341 -2.856813 10.881278 -0.602432 0.143241 -0.785212 0.370833 0.472917
img2.png
3 2.561324 -1.195695 13.486753 -0.562725 0.823590 -0.070989 0.960938 0.276042
3 1.287492 -2.206907 11.852593 -0.406230 0.775836 -0.482759 0.823275 0.413350
3 1.533379 -2.628493 12.775591 -0.827003 0.394528 0.400517 0.820860 0.411772
img2.png
3 1.287492 -2.206907 11.852593 -0.406230 0.775836 -0.482759 0.823275 0.413350
3 1.939776 -2.206121 11.814880 -0.030004 0.864975 -0.500917 0.905390 0.413350
3 1.912455 -2.358282 11.548222 -0.216244 0.621404 -0.753057 0.905390 0.413350
img2.png
3 1.939776 -2.206121 11.814880 -0.030004 0.864975 -0.500917 0.905390 0.413350
3 1.287492 -2.206907 11.852593 -0.406230 0.775836 -0.482759 0.823275 0.413350
3 2.561324 -1.195695 13.486753 -0.562725 0.823590 -0.070989 0.960938 0.276042
img2.png
3 -1.287492 -2.206907 11.852593 0.406230 0.775836 -0.482759 0.905390 0.413350
3 -2.561323 -1.195695 13.486753 0.562725 0.823590 -0.070989 0.960938 0.276042
3 -1.533379 -2.628493 12.775591 0.827002 0.394528 0.400518 0.823275 0.413350
img2.png
3 -1.287492 -2.206907 11.852593 0.406230 0.775836 -0.482759 0.905390 0.413350
3 -1.939775 -2.206121 11.814880 0.030004 0.864975 -0.500917 0.823275 0.413350
3 -2.561323 -1.195695 13.486753 0.562725 0.823590 -0.070989 0.960938 0.276042
img2.png
3 -1.567530 -3.037279 11.482728 -0.869277 -0.462433 0.174681 0.009943 0.775030
3 -1.533379 -2.638713 12.776304 -0.837409 -0.533833 0.117335 0.004735 0.965135
3 -1.939775 -2.213173 11.811950 -0.847894 -0.511353 0.139980 0.114583 0.830729
img2.png
3 -1.939775 -2.213173 11.811950 -0.847894 -0.511353 0.139980 0.114583 0.830729
3 -1.533379 -2.638713 12.776304 -0.837409 -0.533833 0.117335 0.004735 0.965135
3 -2.561323 -1.202509 13.487229 -0.794795 -0.602957 0.068875 0.238163 0.999034
img2.png
3 1.567530 -3.037279 11.482728 0.869277 -0.462433 0.174682 0.009943 0.775030
3 1.939776 -2.213173 11.811950 0.847893 -0.511353 0.139980 0.114583 0.830729
3 1.533379 -2.638713 12.776304 0.837409 -0.533833 0.117335 0.004735 0.965135
img2.png
3 1.939776 -2.213173 11.811950 0.847893 -0.511353 0.139980 0.114583 0.830729
3 1.567530 -3.037279 11.482728 0.869277 -0.462433 0.174682 0.009943 0.775030
3 1.912455 -2.368502 11.548937 0.865918 -0.464876 0.184596 0.104167 0.791667
img2.png
3 -1.434341 -2.856813 10.881278 -0.602432 0.143241 -0.785212 0.109375 0.432292
3 0.870850 -2.045500 10.978600 0.470184 0.653930 -0.592708 0.158854 0.425781
3 1.434341 -2.856813 10.881278 0.602759 0.189766 -0.775029 0.170573 0.432292
img2.png
3 -0.870850 -2.045500 10.978600 -0.460465 0.662327 -0.591012 0.119792 0.425781
3 0.870850 -2.045500 10.978600 0.470184 0.653930 -0.592708 0.158854 0.425781
3 -1.434341 -2.856813 10.881278 -0.602432 0.143241 -0.785212 0.109375 0.432292
img2.png
3 -1.939775 -2.206121 11.814880 0.030004 0.864975 -0.500917 0.823275 0.413350
3 -1.287492 -2.206907 11.852593 0.406230 0.775836 -0.482759 0.905390 0.413350
3 -1.912454 -2.358282 11.548222 0.216244 0.621404 -0.753057 0.823275 0.413350
img2.png
3 -1.622171 -2.516761 12.904715 -0.941072 0.025657 -0.337230 0.009702 0.005738
3 -1.396775 -3.813291 13.163125 -0.718520 -0.695213 0.020222 0.142205 0.369949
3 -1.471907 -3.705203 13.289082 -0.802287 -0.591579 -0.079808 0.015410 0.369949
img2.png
3 -1.482152 -2.692622 11.564754 -0.941290 0.303069 -0.148733 0.614583 0.057292
3 -1.103077 -1.801241 12.464408 -0.643767 0.622520 -0.445008 0.611111 0.055556
3 -0.870850 -2.045500 10.978600 -0.460465 0.662327 -0.591012 0.585455 0.071812
img2.png
3 -1.622171 -2.516761 12.904715 -0.941072 0.025657 -0.337230 0.628472 0.057292
3 -1.103077 -1.801241 12.464408 -0.643767 0.622520 -0.445008 0.611111 0.055556
3 -1.482152 -2.692622 11.564754 -0.941290 0.303069 -0.148733 0.614583 0.057292
img2.png
3 1.383115 -3.958898 12.255826 0.868028 -0.488920 -0.086513 0.873993 0.358111
3 1.622172 -2.516761 12.904715 0.963143 0.040812 -0.265876 0.009702 0.005738
3 1.396775 -3.813291 13.163125 0.718520 -0.695213 0.020222 0.142205 0.369949
img2.png
3 -1.622171 -2.516761 12.904715 -0.941072 0.025657 -0.337230 0.009702 0.005738
3 -1.383114 -3.958898 12.255826 -0.868028 -0.488920 -0.086513 0.873993 0.358111
3 -1.396775 -3.813291 13.163125 -0.718520 -0.695213 0.020222 0.142205 0.369949
img2.png
3 -1.383114 -3.958898 12.255826 -0.868028 -0.488920 -0.086513 0.873993 0.358111
3 -1.622171 -2.516761 12.904715 -0.941072 0.025657 -0.337230 0.009702 0.005738
3 -1.482152 -2.692622 11.564754 -0.941290 0.303069 -0.148733 0.993749 0.005283
img2.png
3 1.622172 -2.516761 12.904715 0.963143 0.040812 -0.265876 0.009702 0.005738
3 1.383115 -3.958898 12.255826 0.868028 -0.488920 -0.086513 0.873993 0.358111
3 1.482153 -2.692622 11.564754 0.958259 0.254252 -0.130750 0.993749 0.005283
img2.png
28 -5.070854 -3.596415 8.527463 -0.169970 -0.183731 0.968170 0.674107 0.912946
28 -3.504749 -3.675223 8.016529 0.949004 0.088687 0.302533 0.991071 0.912946
28 -4.501304 -2.425067 8.265910 0.147254 0.791968 0.592539 0.675000 1.046875
img2.png
28 -4.501304 -2.425067 8.265910 0.147254 0.791968 0.592539 0.675000 1.046875
28 -5.730488 -2.728769 7.425752 -0.803870 0.553292 0.218314 0.294643 0.911830
28 -5.070854 -3.596415 8.527463 -0.169970 -0.183731 0.968170 0.674107 0.912946
img2.png
28 -5.070854 -3.596415 8.527463 -0.169970 -0.183731 0.968170 0.674107 0.912946
28 -3.697948 -4.523778 7.413424 0.514730 -0.842142 0.160782 0.991071 0.694196
28 -3.504749 -3.675223 8.016529 0.949004 0.088687 0.302533 0.991071 0.912946
img2.png
28 -5.306974 -4.451444 8.016467 -0.608979 -0.658675 0.441918 0.671875 0.694196
28 -3.697948 -4.523778 7.413424 0.514730 -0.842142 0.160782 0.991071 0.694196
28 -5.070854 -3.596415 8.527463 -0.169970 -0.183731 0.968170 0.674107 0.912946
img2.png
28 -5.730488 -2.728769 7.425752 -0.803870 0.553292 0.218314 0.294643 0.911830
28 -5.306974 -4.451444 8.016467 -0.608979 -0.658675 0.441918 0.671875 0.694196
28 -5.070854 -3.596415 8.527463 -0.169970 -0.183731 0.968170 0.674107 0.912946
img2.png
28 -5.988409 -3.568170 6.794144 -0.805481 0.032202 -0.591746 0.294643 0.694196
28 -5.306974 -4.451444 8.016467 -0.608979 -0.658675 0.441918 0.671875 0.694196
28 -5.730488 -2.728769 7.425752 -0.803870 0.553292 0.218314 0.294643 0.911830
img2.png
28 -3.697948 -4.523778 7.413424 0.514730 -0.842142 0.160782 0.991071 0.694196
28 -5.306974 -4.451444 8.016467 -0.608979 -0.658675 0.441918 0.671875 0.694196
28 -4.991319 -4.489163 6.752383 -0.236122 -0.840774 -0.487181 0.668750 0.650000
img2.png
28 -5.306974 -4.451444 8.016467 -0.608979 -0.658675 0.441918 0.671875 0.694196
28 -5.988409 -3.568170 6.794144 -0.805481 0.032202 -0.591746 0.294643 0.694196
28 -4.991319 -4.489163 6.752383 -0.236122 -0.840774 -0.487181 0.668750 0.650000
img2.png
34 3.504749 -3.675223 8.016529 -0.749931 -0.112337 0.651908 0.294643 0.911830
34 5.070854 -3.596415 8.527463 0.469517 -0.043086 0.881872 0.673077 0.912260
34 4.501304 -2.425067 8.265910 -0.147254 0.791968 0.592539 0.675481 1.027644
img2.png
34 5.730488 -2.728769 7.425752 0.650433 0.751153 -0.112719 0.991071 0.912946
34 4.501304 -2.425067 8.265910 -0.147254 0.791968 0.592539 0.675481 1.027644
34 5.070854 -3.596415 8.527463 0.469517 -0.043086 0.881872 0.673077 0.912260
img2.png
34 3.504749 -3.675223 8.016529 -0.749931 -0.112337 0.651908 0.294643 0.911830
34 5.306974 -4.451444 8.016467 0.302806 -0.796793 0.522904 0.670673 0.695913
34 5.070854 -3.596415 8.527463 0.469517 -0.043086 0.881872 0.673077 0.912260
img2.png
34 3.697948 -4.523778 7.413424 -0.734822 -0.644476 -0.211394 0.294643 0.695312
34 5.306974 -4.451444 8.016467 0.302806 -0.796793 0.522904 0.670673 0.695913
34 3.504749 -3.675223 8.016529 -0.749931 -0.112337 0.651908 0.294643 0.911830
img2.png
34 5.306974 -4.451444 8.016467 0.302806 -0.796793 0.522904 0.670673 0.695913
34 3.697948 -4.523778 7.413424 -0.734822 -0.644476 -0.211394 0.294643 0.695312
34 4.991319 -4.489163 6.752383 0.236122 -0.840774 -0.487182 0.670673 0.646635
img2.png
34 5.070854 -3.596415 8.527463 0.469517 -0.043086 0.881872 0.673077 0.912260
34 5.988409 -3.568170 6.794144 0.957518 -0.178374 -0.226588 0.991071 0.695312
34 5.730488 -2.728769 7.425752 0.650433 0.751153 -0.112719 0.991071 0.912946
img2.png
34 5.988409 -3.568170 6.794144 0.957518 -0.178374 -0.226588 0.991071 0.695312
34 5.306974 -4.451444 8.016467 0.302806 -0.796793 0.522904 0.670673 0.695913
34 4.991319 -4.489163 6.752383 0.236122 -0.840774 -0.487182 0.670673 0.646635
img2.png
34 5.306974 -4.451444 8.016467 0.302806 -0.796793 0.522904 0.670673 0.695913
34 5.988409 -3.568170 6.794144 0.957518 -0.178374 -0.226588 0.991071 0.695312
34 5.070854 -3.596415 8.527463 0.469517 -0.043086 0.881872 0.673077 0.912260
img2.png
8 -4.296026 -0.569706 -0.029147 -0.657324 -0.055191 -0.751584 0.301136 0.410765
8 -2.292042 -1.743760 -0.013422 0.464577 -0.753219 -0.465650 0.301136 0.410765
8 -3.785829 -1.951541 0.385835 -0.345054 -0.596607 -0.724568 0.301136 0.410765
img2.png
8 -0.964419 0.374579 0.007745 0.572070 -0.067381 -0.817433 0.301136 0.410765
8 -4.296026 -0.569706 -0.029147 -0.657324 -0.055191 -0.751584 0.301136 0.410765
8 -3.063980 1.614916 -0.008644 -0.622060 0.632842 -0.461033 0.301136 0.410765
img2.png
8 -0.964419 0.374579 0.007745 0.572070 -0.067381 -0.817433 0.301136 0.410765
8 -3.063980 1.614916 -0.008644 -0.622060 0.632842 -0.461033 0.301136 0.410765
8 -1.452347 1.863896 0.020891 0.521370 0.852964 -0.025012 0.301136 0.410765
img2.png
8 -2.292042 -1.743760 -0.013422 0.464577 -0.753219 -0.465650 0.301136 0.410765
8 -4.296026 -0.569706 -0.029147 -0.657324 -0.055191 -0.751584 0.301136 0.410765
8 -0.964419 0.374579 0.007745 0.572070 -0.067381 -0.817433 0.301136 0.410765
img2.png
17 2.348379 -1.771782 -0.009807 -0.265744 -0.620544 -0.737770 0.301136 0.410765
17 4.342695 -0.555842 -0.037213 0.875008 0.054168 -0.481069 0.301136 0.410765
17 3.845623 -1.961474 0.394858 0.354444 -0.593975 -0.722193 0.301136 0.410765
img2.png
17 2.348379 -1.771782 -0.009807 -0.265744 -0.620544 -0.737770 0.301136 0.410765
17 3.108656 1.579663 -0.038454 0.347786 0.657298 -0.668584 0.301136 0.410765
17 4.342695 -0.555842 -0.037213 0.875008 0.054168 -0.481069 0.301136 0.410765
img2.png
17 3.108656 1.579663 -0.038454 0.347786 0.657298 -0.668584 0.301136 0.410765
17 1.018123 0.305060 -0.009725 -0.939027 -0.163639 -0.302407 0.301136 0.410765
17 1.506908 1.838952 -0.011554 -0.485851 0.783015 -0.388377 0.301136 0.410765
img2.png
17 1.018123 0.305060 -0.009725 -0.939027 -0.163639 -0.302407 0.301136 0.410765
17 3.108656 1.579663 -0.038454 0.347786 0.657298 -0.668584 0.301136 0.410765
17 2.348379 -1.771782 -0.009807 -0.265744 -0.620544 -0.737770 0.301136 0.410765
img3.png
3 0.976718 -3.645969 10.611235 0.729219 0.007382 -0.684240 0.765625 0.014063
3 1.383115 -3.958898 12.255826 0.868028 -0.488920 -0.086513 0.771875 0.459375
3 0.901586 -4.250950 11.653183 0.694818 -0.717687 -0.046410 0.646875 0.303125
img3.png
3 -0.665944 -4.492136 10.554008 -0.818621 -0.573748 -0.025927 0.392188 -0.006250
3 -0.795718 -3.998272 10.272985 -0.496087 0.445313 -0.745382 0.457031 0.005208
3 -0.440547 -4.786689 9.670817 -0.708894 -0.302975 -0.636927 0.476563 0.009115
img3.png
3 -1.434341 -2.856813 10.881278 -0.602432 0.143241 -0.785212 0.006250 0.084375
3 -1.383114 -3.958898 12.255826 -0.868028 -0.488920 -0.086513 0.225000 0.459375
3 -1.482152 -2.692622 11.564754 -0.941290 0.303069 -0.148733 -0.006250 0.278125
img3.png
3 0.000000 -5.179255 9.735926 0.000000 -0.927873 -0.372897 0.498798 0.025240
3 -0.665944 -4.492136 10.554008 -0.818621 -0.573748 -0.025927 0.392188 -0.006250
3 -0.440547 -4.786689 9.670817 -0.708894 -0.302975 -0.636927 0.476563 0.009115
img3.png
3 -1.396775 -3.813291 13.163125 -0.718520 -0.695213 0.020222 0.068359 0.875000
3 0.000000 -4.752772 12.212059 0.000000 -0.991513 0.130004 0.485938 0.529688
3 0.000000 -4.554373 13.286839 -0.000000 -0.999994 0.003446 0.485938 0.867187
img3.png
3 -1.383114 -3.958898 12.255826 -0.868028 -0.488920 -0.086513 0.089844 0.617187
3 0.000000 -4.752772 12.212059 0.000000 -0.991513 0.130004 0.485938 0.529688
3 -1.396775 -3.813291 13.163125 -0.718520 -0.695213 0.020222 0.068359 0.875000
img3.png
3 0.000000 -4.554373 13.286839 -0.000000 -0.999994 0.003446 0.485938 0.867187
3 0.000000 -4.635113 13.747802 -0.000000 -0.998479 0.055139 0.485938 0.982813
3 -1.396775 -3.813291 13.163125 -0.718520 -0.695213 0.020222 0.068359 0.875000
img3.png
3 -1.396775 -3.813291 13.163125 -0.718520 -0.695213 0.020222 0.068359 0.875000
3 0.000000 -4.635113 13.747802 -0.000000 -0.998479 0.055139 0.485938 0.982813
3 -1.471907 -3.705203 13.289082 -0.802287 -0.591579 -0.079808 0.068359 0.888672
img3.png
3 0.665944 -4.492136 10.554008 0.818621 -0.573748 -0.025927 0.605114 -0.007100
3 0.000000 -5.179255 9.735926 0.000000 -0.927873 -0.372897 0.498798 0.025240
3 0.440548 -4.786689 9.670817 0.708894 -0.302975 -0.636927 0.513021 0.009115
img3.png
3 0.000000 -4.752772 12.212059 0.000000 -0.991513 0.130004 0.498437 0.529688
3 0.901586 -4.250950 11.653183 0.694818 -0.717687 -0.046410 0.677734 0.351562
3 1.383115 -3.958898 12.255826 0.868028 -0.488920 -0.086513 0.908203 0.617187
img3.png
3 1.396775 -3.813291 13.163125 0.718520 -0.695213 0.020222 0.927734 0.871094
3 0.000000 -4.635113 13.747802 -0.000000 -0.998479 0.055139 0.512500 0.982813
3 0.000000 -4.554373 13.286839 -0.000000 -0.999994 0.003446 0.512500 0.867187
img3.png
3 1.471907 -3.705203 13.289082 0.788502 -0.615025 -0.003123 0.927734 0.888672
3 0.000000 -4.635113 13.747802 -0.000000 -0.998479 0.055139 0.512500 0.982813
3 1.396775 -3.813291 13.163125 0.718520 -0.695213 0.020222 0.927734 0.871094
img3.png
3 -0.901586 -4.250950 11.653183 -0.694818 -0.717687 -0.046410 0.320313 0.347656
3 0.000000 -4.752772 12.212059 0.000000 -0.991513 0.130004 0.498437 0.529688
3 -1.383114 -3.958898 12.255826 -0.868028 -0.488920 -0.086513 0.089844 0.617187
img3.png
3 0.795718 -3.998272 10.272985 0.608697 0.351309 -0.711386 0.532552 0.006510
3 0.665944 -4.492136 10.554008 0.818621 -0.573748 -0.025927 0.605114 -0.007100
3 0.440548 -4.786689 9.670817 0.708894 -0.302975 -0.636927 0.513021 0.009115
img3.png
3 0.000000 -4.752772 12.212059 0.000000 -0.991513 0.130004 0.512500 0.529688
3 1.396775 -3.813291 13.163125 0.718520 -0.695213 0.020222 0.927734 0.871094
3 0.000000 -4.554373 13.286839 -0.000000 -0.999994 0.003446 0.512500 0.867187
img3.png
3 1.383115 -3.958898 12.255826 0.868028 -0.488920 -0.086513 0.908203 0.617187
3 1.396775 -3.813291 13.163125 0.718520 -0.695213 0.020222 0.927734 0.871094
3 0.000000 -4.752772 12.212059 0.000000 -0.991513 0.130004 0.512500 0.529688
img3.png
3 0.901586 -4.250950 11.653183 0.694818 -0.717687 -0.046410 0.646875 0.304687
3 0.000000 -4.986644 10.776876 0.000000 -0.991060 0.133419 0.498798 0.025240
3 0.665944 -4.492136 10.554008 0.818621 -0.573748 -0.025927 0.605114 -0.007100
img3.png
3 0.976718 -3.645969 10.611235 0.729219 0.007382 -0.684240 0.765625 0.014063
3 0.901586 -4.250950 11.653183 0.694818 -0.717687 -0.046410 0.646875 0.303125
3 0.665944 -4.492136 10.554008 0.818621 -0.573748 -0.025927 0.607813 -0.004690
img3.png
3 -1.383114 -3.958898 12.255826 -0.868028 -0.488920 -0.086513 0.225000 0.459375
3 -1.434341 -2.856813 10.881278 -0.602432 0.143241 -0.785212 0.006250 0.084375
3 -0.976718 -3.645969 10.611235 -0.704400 -0.067709 -0.706566 0.232812 0.014063
img3.png
3 -1.383114 -3.958898 12.255826 -0.868028 -0.488920 -0.086513 0.225000 0.459375
3 -0.976718 -3.645969 10.611235 -0.704400 -0.067709 -0.706566 0.232812 0.014063
3 -0.901586 -4.250950 11.653183 -0.694818 -0.717687 -0.046410 0.351563 0.303125
img3.png
3 -0.901586 -4.250950 11.653183 -0.694818 -0.717687 -0.046410 0.351563 0.303125
3 -0.976718 -3.645969 10.611235 -0.704400 -0.067709 -0.706566 0.232812 0.014063
3 -0.665944 -4.492136 10.554008 -0.818621 -0.573748 -0.025927 0.390625 -0.006250
img3.png
3 0.000000 -4.986644 10.776876 0.000000 -0.991060 0.133419 0.498798 0.025240
3 0.901586 -4.250950 11.653183 0.694818 -0.717687 -0.046410 0.646875 0.304687
3 0.000000 -4.752772 12.212059 0.000000 -0.991513 0.130004 0.498580 0.428977
img3.png
3 -0.901586 -4.250950 11.653183 -0.694818 -0.717687 -0.046410 0.350000 0.303125
3 0.000000 -4.986644 10.776876 0.000000 -0.991060 0.133419 0.498798 0.025240
3 0.000000 -4.752772 12.212059 0.000000 -0.991513 0.130004 0.498580 0.428977
img3.png
3 0.000000 -4.986644 10.776876 0.000000 -0.991060 0.133419 0.498798 0.025240
3 -0.901586 -4.250950 11.653183 -0.694818 -0.717687 -0.046410 0.350000 0.303125
3 -0.665944 -4.492136 10.554008 -0.818621 -0.573748 -0.025927 0.392188 -0.006250
img3.png
3 1.434341 -2.856813 10.881278 0.602759 0.189766 -0.775029 0.993750 0.084375
3 1.383115 -3.958898 12.255826 0.868028 -0.488920 -0.086513 0.771875 0.459375
3 0.976718 -3.645969 10.611235 0.729219 0.007382 -0.684240 0.765625 0.014063
img3.png
3 1.383115 -3.958898 12.255826 0.868028 -0.488920 -0.086513 0.771875 0.459375
3 1.434341 -2.856813 10.881278 0.602759 0.189766 -0.775029 0.993750 0.084375
3 1.482153 -2.692622 11.564754 0.958259 0.254252 -0.130750 1.003120 0.279688
img3.png
3 -0.665944 -4.492136 10.554008 -0.818621 -0.573748 -0.025927 0.392188 -0.006250
3 0.000000 -5.179255 9.735926 0.000000 -0.927873 -0.372897 0.498798 0.025240
3 0.000000 -4.986644 10.776876 0.000000 -0.991060 0.133419 0.498580 0.004261
img3.png
3 0.000000 -5.179255 9.735926 0.000000 -0.927873 -0.372897 0.497396 0.009115
3 0.665944 -4.492136 10.554008 0.818621 -0.573748 -0.025927 0.605114 -0.007100
3 0.000000 -4.986644 10.776876 0.000000 -0.991060 0.133419 0.498798 0.025240
img3.png
3 -0.795718 -3.998272 10.272985 -0.496087 0.445313 -0.745382 0.457031 0.005208
3 -0.665944 -4.492136 10.554008 -0.818621 -0.573748 -0.025927 0.392188 -0.006250
3 -0.976718 -3.645969 10.611235 -0.704400 -0.067709 -0.706566 0.440104 0.005208
img3.png
3 0.665944 -4.492136 10.554008 0.818621 -0.573748 -0.025927 0.605114 -0.007100
3 0.795718 -3.998272 10.272985 0.608697 0.351309 -0.711386 0.532552 0.006510
3 0.976718 -3.645969 10.611235 0.729219 0.007382 -0.684240 0.554688 0.003906
end
